-- phpMyAdmin SQL Dump
-- version 5.2.3
-- https://www.phpmyadmin.net/
--
-- Host: localhost
-- Tempo de geração: 28/04/2026 às 19:13
-- Versão do servidor: 10.11.10-MariaDB-log
-- Versão do PHP: 8.3.30

SET SQL_MODE = "NO_AUTO_VALUE_ON_ZERO";
START TRANSACTION;
SET time_zone = "+00:00";


/*!40101 SET @OLD_CHARACTER_SET_CLIENT=@@CHARACTER_SET_CLIENT */;
/*!40101 SET @OLD_CHARACTER_SET_RESULTS=@@CHARACTER_SET_RESULTS */;
/*!40101 SET @OLD_COLLATION_CONNECTION=@@COLLATION_CONNECTION */;
/*!40101 SET NAMES utf8mb4 */;

--
-- Banco de dados: `km_system`
--

DELIMITER $$
--
-- Procedimentos
--
CREATE DEFINER=`km_system`@`localhost` PROCEDURE `sp_atualizar_metas` (IN `p_ano` INT)   BEGIN
    DECLARE v_km_total_eventos DECIMAL(12,2);
    DECLARE v_km_meta DECIMAL(12,2);
    DECLARE v_km_registrado DECIMAL(12,2);
    DECLARE v_percentual DECIMAL(5,2);
    DECLARE v_status VARCHAR(20);
    DECLARE v_mes INT;
    DECLARE v_km_eventos_mes DECIMAL(12,2);
    DECLARE v_km_meta_mes DECIMAL(12,2);
    DECLARE v_km_reg_mes DECIMAL(12,2);
    DECLARE v_pct_mes DECIMAL(5,2);
    
    -- Calcula KM total dos eventos no ano
    SELECT COALESCE(SUM(km_awarded), 0) INTO v_km_total_eventos
    FROM events
    WHERE active = 1 AND YEAR(event_date) = p_ano;
    
    -- Calcula KM registrado pelos usuários no ano
    SELECT COALESCE(SUM(e.km_awarded + a.km_extra), 0) INTO v_km_registrado
    FROM attendances a
    INNER JOIN events e ON e.id = a.event_id
    WHERE YEAR(e.event_date) = p_ano;
    
    -- Calcula meta (80%)
    SET v_km_meta = v_km_total_eventos * 0.8;
    
    -- Calcula percentual
    IF v_km_meta > 0 THEN
        SET v_percentual = ROUND((v_km_registrado / v_km_meta) * 100, 2);
        IF v_percentual > 100 THEN
            SET v_percentual = 100;
        END IF;
    ELSE
        SET v_percentual = 0;
    END IF;
    
    -- Define status
    IF v_percentual >= 100 THEN
        SET v_status = 'superado';
    ELSEIF v_percentual >= 80 THEN
        SET v_status = 'atingido';
    ELSE
        SET v_status = 'pendente';
    END IF;
    
    -- Insere ou atualiza meta anual
    INSERT INTO metas_anuais (ano, km_total_eventos, km_meta, km_registrado, percentual_atingido, status)
    VALUES (p_ano, v_km_total_eventos, v_km_meta, v_km_registrado, v_percentual, v_status)
    ON DUPLICATE KEY UPDATE
        km_total_eventos = v_km_total_eventos,
        km_meta = v_km_meta,
        km_registrado = v_km_registrado,
        percentual_atingido = v_percentual,
        status = v_status;
    
    -- Atualiza metas mensais
    SET v_mes = 1;
    WHILE v_mes <= 12 DO
        -- KM total dos eventos no mês
        SELECT COALESCE(SUM(km_awarded), 0) INTO v_km_eventos_mes
        FROM events
        WHERE active = 1 AND YEAR(event_date) = p_ano AND MONTH(event_date) = v_mes;
        
        -- KM registrado no mês
        SELECT COALESCE(SUM(e.km_awarded + a.km_extra), 0) INTO v_km_reg_mes
        FROM attendances a
        INNER JOIN events e ON e.id = a.event_id
        WHERE YEAR(e.event_date) = p_ano AND MONTH(e.event_date) = v_mes;
        
        -- Meta mensal
        SET v_km_meta_mes = v_km_eventos_mes * 0.8;
        
        -- Percentual mensal
        IF v_km_meta_mes > 0 THEN
            SET v_pct_mes = ROUND((v_km_reg_mes / v_km_meta_mes) * 100, 2);
            IF v_pct_mes > 100 THEN
                SET v_pct_mes = 100;
            END IF;
        ELSE
            SET v_pct_mes = 0;
        END IF;
        
        -- Insere ou atualiza
        INSERT INTO metas_mensais (ano, mes, km_total_eventos_mes, km_meta_mes, km_registrado_mes, percentual_atingido)
        VALUES (p_ano, v_mes, v_km_eventos_mes, v_km_meta_mes, v_km_reg_mes, v_pct_mes)
        ON DUPLICATE KEY UPDATE
            km_total_eventos_mes = v_km_eventos_mes,
            km_meta_mes = v_km_meta_mes,
            km_registrado_mes = v_km_reg_mes,
            percentual_atingido = v_pct_mes;
        
        SET v_mes = v_mes + 1;
    END WHILE;
    
    -- Registra no histórico
    INSERT INTO metas_historico (ano, km_total_eventos, km_meta, km_registrado, percentual_atingido)
    VALUES (p_ano, v_km_total_eventos, v_km_meta, v_km_registrado, v_percentual);
    
END$$

DELIMITER ;

-- --------------------------------------------------------

--
-- Estrutura para tabela `attendances`
--

CREATE TABLE `attendances` (
  `id` int(10) UNSIGNED NOT NULL,
  `user_id` int(10) UNSIGNED NOT NULL,
  `event_id` int(10) UNSIGNED NOT NULL,
  `km_extra` decimal(8,2) NOT NULL DEFAULT 0.00,
  `notes` varchar(500) DEFAULT NULL,
  `registered_by` int(10) UNSIGNED NOT NULL,
  `created_at` datetime NOT NULL DEFAULT current_timestamp(),
  `status` enum('pendente','confirmado','cancelado') NOT NULL DEFAULT 'pendente',
  `km_real` decimal(8,2) DEFAULT NULL,
  `confirmed_by` int(10) UNSIGNED DEFAULT NULL,
  `confirmed_at` datetime DEFAULT NULL,
  `interested_at` datetime NOT NULL DEFAULT current_timestamp()
) ENGINE=InnoDB DEFAULT CHARSET=utf8mb4 COLLATE=utf8mb4_unicode_ci;

--
-- Despejando dados para a tabela `attendances`
--

INSERT INTO `attendances` (`id`, `user_id`, `event_id`, `km_extra`, `notes`, `registered_by`, `created_at`, `status`, `km_real`, `confirmed_by`, `confirmed_at`, `interested_at`) VALUES
(1, 7, 1, 0.00, NULL, 7, '2026-04-13 20:44:28', 'confirmado', NULL, NULL, '2026-04-13 20:44:46', '2026-04-13 20:44:28');

-- --------------------------------------------------------

--
-- Estrutura para tabela `churrasco_grupos`
--

CREATE TABLE `churrasco_grupos` (
  `id` int(10) UNSIGNED NOT NULL,
  `nome` varchar(50) NOT NULL COMMENT 'Grupo 1, Grupo 2...',
  `ordem` int(11) DEFAULT 1 COMMENT 'Ordem de rodízio',
  `ativo` tinyint(1) DEFAULT 1,
  `ordem_envio` int(11) DEFAULT 0
) ENGINE=InnoDB DEFAULT CHARSET=utf8mb4 COLLATE=utf8mb4_unicode_ci;

--
-- Despejando dados para a tabela `churrasco_grupos`
--

INSERT INTO `churrasco_grupos` (`id`, `nome`, `ordem`, `ativo`, `ordem_envio`) VALUES
(9, 'Grupo 1', 1, 1, 4),
(10, 'Grupo 2', 2, 1, 1),
(11, 'Grupo 3', 3, 1, 2),
(12, 'Grupo 4', 4, 1, 3);

-- --------------------------------------------------------

--
-- Estrutura para tabela `churrasco_grupo_membros`
--

CREATE TABLE `churrasco_grupo_membros` (
  `id` int(10) UNSIGNED NOT NULL,
  `grupo_id` int(10) UNSIGNED NOT NULL,
  `user_id` int(10) UNSIGNED NOT NULL
) ENGINE=InnoDB DEFAULT CHARSET=utf8mb4 COLLATE=utf8mb4_unicode_ci;

--
-- Despejando dados para a tabela `churrasco_grupo_membros`
--

INSERT INTO `churrasco_grupo_membros` (`id`, `grupo_id`, `user_id`) VALUES
(47, 9, 14),
(48, 9, 18),
(49, 9, 19),
(46, 9, 21),
(50, 10, 5),
(51, 10, 7),
(52, 10, 13),
(53, 10, 15),
(54, 10, 20),
(65, 11, 4),
(66, 11, 9),
(67, 11, 11),
(68, 11, 17),
(60, 12, 3),
(64, 12, 6),
(61, 12, 8),
(62, 12, 10),
(63, 12, 12);

-- --------------------------------------------------------

--
-- Estrutura para tabela `churrasco_membros_backup`
--

CREATE TABLE `churrasco_membros_backup` (
  `id` int(10) UNSIGNED NOT NULL DEFAULT 0,
  `grupo_id` int(10) UNSIGNED NOT NULL,
  `user_id` int(10) UNSIGNED NOT NULL
) ENGINE=InnoDB DEFAULT CHARSET=utf8mb3 COLLATE=utf8mb3_general_ci;

--
-- Despejando dados para a tabela `churrasco_membros_backup`
--

INSERT INTO `churrasco_membros_backup` (`id`, `grupo_id`, `user_id`) VALUES
(19, 1, 3),
(23, 1, 6),
(20, 1, 8),
(21, 1, 10),
(22, 1, 12),
(7, 2, 14),
(8, 2, 18),
(9, 2, 19),
(6, 2, 21),
(10, 3, 5),
(11, 3, 7),
(12, 3, 13),
(13, 3, 15),
(14, 3, 20),
(15, 4, 4),
(16, 4, 9),
(17, 4, 11),
(18, 4, 17);

-- --------------------------------------------------------

--
-- Estrutura para tabela `enquetes`
--

CREATE TABLE `enquetes` (
  `id` int(10) UNSIGNED NOT NULL,
  `event_id` int(10) UNSIGNED DEFAULT NULL,
  `titulo` varchar(200) NOT NULL,
  `pergunta` mediumtext NOT NULL,
  `opcoes` longtext NOT NULL CHECK (json_valid(`opcoes`)),
  `notificacao_id` int(10) UNSIGNED DEFAULT NULL,
  `status` enum('rascunho','ativa','encerrada') DEFAULT 'rascunho',
  `encerra_em` datetime DEFAULT NULL,
  `criado_por` int(10) UNSIGNED NOT NULL,
  `criado_em` timestamp NULL DEFAULT current_timestamp()
) ENGINE=InnoDB DEFAULT CHARSET=utf8mb4 COLLATE=utf8mb4_unicode_ci;

--
-- Despejando dados para a tabela `enquetes`
--

INSERT INTO `enquetes` (`id`, `event_id`, `titulo`, `pergunta`, `opcoes`, `notificacao_id`, `status`, `encerra_em`, `criado_por`, `criado_em`) VALUES
(22, NULL, 'teste enquete definitivo', 'isso é um teste de envio', '[\"sim\",\"n\\u00e3o\"]', 30, 'ativa', NULL, 21, '2026-04-13 19:24:50'),
(23, NULL, 'mais um', 'teste de envio 2', '[\"sim\",\"n\\u00e3o\"]', 31, 'ativa', NULL, 21, '2026-04-13 19:26:10');

-- --------------------------------------------------------

--
-- Estrutura para tabela `enquetes_respostas`
--

CREATE TABLE `enquetes_respostas` (
  `id` int(10) UNSIGNED NOT NULL,
  `enquete_id` int(10) UNSIGNED NOT NULL,
  `user_id` int(10) UNSIGNED NOT NULL,
  `resposta` varchar(200) NOT NULL,
  `respondido_em` timestamp NULL DEFAULT current_timestamp()
) ENGINE=InnoDB DEFAULT CHARSET=utf8mb4 COLLATE=utf8mb4_unicode_ci;

--
-- Despejando dados para a tabela `enquetes_respostas`
--

INSERT INTO `enquetes_respostas` (`id`, `enquete_id`, `user_id`, `resposta`, `respondido_em`) VALUES
(3, 23, 7, 'sim', '2026-04-14 00:10:22');

-- --------------------------------------------------------

--
-- Estrutura para tabela `escalas_tipos`
--

CREATE TABLE `escalas_tipos` (
  `id` int(10) UNSIGNED NOT NULL,
  `nome` varchar(50) NOT NULL COMMENT 'bar, churrasco, limpeza',
  `descricao` varchar(100) DEFAULT NULL,
  `grupo_whatsapp_id` int(10) UNSIGNED DEFAULT NULL COMMENT 'Grupo para envio',
  `dia_envio` tinyint(1) NOT NULL COMMENT '0=dom,1=seg,2=ter,3=qua,4=qui,5=sex,6=sab',
  `hora_envio` time NOT NULL DEFAULT '20:00:00',
  `ativo` tinyint(1) DEFAULT 1,
  `enquete_pergunta` text DEFAULT NULL,
  `enquete_opcoes` text DEFAULT NULL
) ENGINE=InnoDB DEFAULT CHARSET=utf8mb4 COLLATE=utf8mb4_unicode_ci;

--
-- Despejando dados para a tabela `escalas_tipos`
--

INSERT INTO `escalas_tipos` (`id`, `nome`, `descricao`, `grupo_whatsapp_id`, `dia_envio`, `hora_envio`, `ativo`, `enquete_pergunta`, `enquete_opcoes`) VALUES
(1, 'bar', 'Escala do Bar — 2 pessoas por semana', 4, 3, '20:00:00', 1, NULL, NULL),
(2, 'churrasco', 'Escala do Churrasco — grupos rotativos', 3, 3, '20:00:00', 1, NULL, NULL),
(3, 'limpeza', 'Escala de Limpeza da Sede', 2, 2, '20:00:00', 1, '🧹 *Quarta - dia de limpeza da sede!*\r\n', '[\"\\u2705 Estou l\\u00e1!\",\"\\u274c N\\u00e3o vou conseguir\",\"\\u26a0\\ufe0f Vou atrasar\"]'),
(4, 'bar', 'Escala do Bar — 2 pessoas por semana', 4, 3, '20:00:00', 1, NULL, NULL),
(5, 'churrasco', 'Escala do Churrasco — grupos rotativos', 3, 3, '20:00:00', 1, NULL, NULL),
(6, 'limpeza', 'Escala de Limpeza da Sede', 2, 2, '20:00:00', 1, '🧹 *Quarta - dia de limpeza da sede!*\r\n', '[\"\\u2705 Estou l\\u00e1!\",\"\\u274c N\\u00e3o vou conseguir\",\"\\u26a0\\ufe0f Vou atrasar\"]');

-- --------------------------------------------------------

--
-- Estrutura para tabela `escala_bar`
--

CREATE TABLE `escala_bar` (
  `id` int(10) UNSIGNED NOT NULL,
  `semana_inicio` date NOT NULL COMMENT 'Segunda-feira da semana',
  `user1_id` int(10) UNSIGNED NOT NULL,
  `user2_id` int(10) UNSIGNED NOT NULL,
  `observacao` varchar(255) DEFAULT NULL,
  `enviado` tinyint(1) DEFAULT 0,
  `enviado_em` datetime DEFAULT NULL,
  `criado_por` int(10) UNSIGNED NOT NULL,
  `criado_em` timestamp NULL DEFAULT current_timestamp()
) ENGINE=InnoDB DEFAULT CHARSET=utf8mb4 COLLATE=utf8mb4_unicode_ci;

--
-- Despejando dados para a tabela `escala_bar`
--

INSERT INTO `escala_bar` (`id`, `semana_inicio`, `user1_id`, `user2_id`, `observacao`, `enviado`, `enviado_em`, `criado_por`, `criado_em`) VALUES
(2, '2026-04-13', 6, 5, NULL, 1, '2026-04-16 01:00:01', 21, '2026-04-13 23:56:16'),
(3, '2026-04-20', 11, 4, NULL, 1, '2026-04-22 23:00:01', 21, '2026-04-14 01:46:53'),
(4, '2026-04-27', 17, 14, NULL, 0, NULL, 21, '2026-04-14 01:47:15'),
(5, '2026-05-04', 13, 8, NULL, 0, NULL, 21, '2026-04-14 01:47:45'),
(6, '2026-05-11', 12, 7, NULL, 0, NULL, 21, '2026-04-14 01:48:07'),
(7, '2026-05-18', 15, 18, NULL, 0, NULL, 21, '2026-04-14 01:48:28'),
(8, '2026-05-25', 19, 20, NULL, 0, NULL, 21, '2026-04-14 01:48:50'),
(9, '2026-06-01', 6, 5, NULL, 0, NULL, 21, '2026-04-14 01:49:11'),
(10, '2026-06-08', 11, 4, NULL, 0, NULL, 21, '2026-04-14 01:49:34'),
(11, '2026-06-15', 17, 14, NULL, 0, NULL, 21, '2026-04-14 01:49:55'),
(12, '2026-06-22', 13, 8, NULL, 0, NULL, 21, '2026-04-14 01:50:19'),
(13, '2026-06-29', 12, 7, NULL, 0, NULL, 21, '2026-04-14 01:50:35'),
(14, '2026-07-06', 15, 18, NULL, 0, NULL, 21, '2026-04-14 01:50:50'),
(15, '2026-07-13', 19, 20, NULL, 0, NULL, 21, '2026-04-14 01:51:19'),
(16, '2026-07-20', 6, 20, NULL, 0, NULL, 21, '2026-04-14 01:51:36'),
(17, '2026-07-27', 11, 4, NULL, 0, NULL, 21, '2026-04-14 01:51:52');

-- --------------------------------------------------------

--
-- Estrutura para tabela `escala_churrasco`
--

CREATE TABLE `escala_churrasco` (
  `id` int(10) UNSIGNED NOT NULL,
  `semana_inicio` date NOT NULL,
  `grupo_id` int(10) UNSIGNED NOT NULL,
  `enviado` tinyint(1) DEFAULT 0,
  `enviado_em` datetime DEFAULT NULL
) ENGINE=InnoDB DEFAULT CHARSET=utf8mb4 COLLATE=utf8mb4_unicode_ci;

-- --------------------------------------------------------

--
-- Estrutura para tabela `events`
--

CREATE TABLE `events` (
  `id` int(10) UNSIGNED NOT NULL,
  `title` varchar(200) NOT NULL,
  `description` mediumtext DEFAULT NULL,
  `event_date` date NOT NULL,
  `location` varchar(255) DEFAULT NULL,
  `km_awarded` decimal(8,2) NOT NULL DEFAULT 0.00,
  `active` tinyint(1) NOT NULL DEFAULT 1,
  `created_by` int(10) UNSIGNED NOT NULL,
  `created_at` datetime NOT NULL DEFAULT current_timestamp(),
  `updated_at` datetime NOT NULL DEFAULT current_timestamp() ON UPDATE current_timestamp(),
  `route_origin` varchar(255) DEFAULT NULL,
  `route_destination` varchar(255) DEFAULT NULL,
  `route_waypoints` mediumtext DEFAULT NULL,
  `route_km` decimal(8,2) DEFAULT NULL,
  `route_duration_min` int(11) DEFAULT NULL,
  `route_polyline` longtext DEFAULT NULL,
  `route_origin_lat` decimal(10,7) DEFAULT NULL,
  `route_origin_lng` decimal(10,7) DEFAULT NULL,
  `route_dest_lat` decimal(10,7) DEFAULT NULL,
  `route_dest_lng` decimal(10,7) DEFAULT NULL,
  `cover_image` varchar(255) DEFAULT NULL,
  `avoid_tolls` tinyint(1) NOT NULL DEFAULT 0,
  `litros_gastos` decimal(10,2) DEFAULT NULL,
  `custo_combustivel` decimal(10,2) DEFAULT NULL,
  `valor_pedagios` decimal(10,2) DEFAULT NULL,
  `deleted_at` datetime DEFAULT NULL COMMENT 'Data de desativação (lixeira)'
) ENGINE=InnoDB DEFAULT CHARSET=utf8mb4 COLLATE=utf8mb4_unicode_ci;

--
-- Despejando dados para a tabela `events`
--

INSERT INTO `events` (`id`, `title`, `description`, `event_date`, `location`, `km_awarded`, `active`, `created_by`, `created_at`, `updated_at`, `route_origin`, `route_destination`, `route_waypoints`, `route_km`, `route_duration_min`, `route_polyline`, `route_origin_lat`, `route_origin_lng`, `route_dest_lat`, `route_dest_lng`, `cover_image`, `avoid_tolls`, `litros_gastos`, `custo_combustivel`, `valor_pedagios`, `deleted_at`) VALUES
(1, 'Festa Mutantes Erechim', '', '2026-05-16', 'Erechim - RS', 937.80, 1, 21, '2026-04-13 07:38:32', '2026-04-14 07:08:26', 'Itajaí, Santa Catarina', 'Erechim, Rio Grande do Sul', NULL, 468.90, 420, '{\"type\":\"LineString\",\"coordinates\":[[-48.655166,-26.904531],[-48.655305,-26.904432],[-48.656488,-26.903644],[-48.658015,-26.90259],[-48.658358,-26.902377],[-48.658478,-26.90233],[-48.658544,-26.902313],[-48.658707,-26.9023],[-48.658984,-26.902325],[-48.659129,-26.902346],[-48.659217,-26.902368],[-48.660873,-26.902886],[-48.66295,-26.903564],[-48.663051,-26.903695],[-48.667546,-26.905124],[-48.669658,-26.905775],[-48.670532,-26.906074],[-48.671803,-26.906464],[-48.677503,-26.90828],[-48.68232,-26.909801],[-48.683327,-26.910105],[-48.685199,-26.910698],[-48.685603,-26.910796],[-48.688857,-26.911828],[-48.690434,-26.912337],[-48.693075,-26.913166],[-48.693293,-26.913221],[-48.693967,-26.913445],[-48.693991,-26.913464],[-48.694169,-26.913529],[-48.694566,-26.91366],[-48.69699,-26.914429],[-48.697556,-26.914588],[-48.699631,-26.915251],[-48.700421,-26.915526],[-48.703573,-26.916521],[-48.70409,-26.916676],[-48.705577,-26.917154],[-48.706963,-26.917618],[-48.707186,-26.917687],[-48.708094,-26.91786],[-48.708396,-26.917909],[-48.708614,-26.917923],[-48.708829,-26.917927],[-48.709144,-26.917829],[-48.7093,-26.917765],[-48.709442,-26.917684],[-48.709585,-26.91758],[-48.709697,-26.917457],[-48.709789,-26.917322],[-48.712554,-26.910669],[-48.712882,-26.910312],[-48.71385,-26.90801],[-48.715239,-26.904668],[-48.71552,-26.903908],[-48.715776,-26.903181],[-48.716004,-26.902593],[-48.717072,-26.900206],[-48.718198,-26.897504],[-48.721649,-26.889314],[-48.729639,-26.870094],[-48.729782,-26.869699],[-48.729845,-26.869481],[-48.729942,-26.869082],[-48.730015,-26.868708],[-48.730055,-26.868357],[-48.730088,-26.867833],[-48.730095,-26.86741],[-48.730069,-26.866951],[-48.730049,-26.866757],[-48.729988,-26.866353],[-48.729882,-26.865876],[-48.72981,-26.865613],[-48.729669,-26.86516],[-48.727997,-26.860264],[-48.727857,-26.859808],[-48.727765,-26.859401],[-48.727266,-26.856573],[-48.727186,-26.856198],[-48.726982,-26.855391],[-48.726753,-26.854187],[-48.726581,-26.852797],[-48.726514,-26.852409],[-48.726393,-26.851952],[-48.726195,-26.851397],[-48.725946,-26.85083],[-48.725803,-26.850554],[-48.725436,-26.84994],[-48.725083,-26.849457],[-48.724875,-26.849212],[-48.724604,-26.848914],[-48.724352,-26.848654],[-48.724158,-26.848473],[-48.716054,-26.841556],[-48.715815,-26.841445],[-48.715686,-26.841404],[-48.715539,-26.841399],[-48.715434,-26.841421],[-48.715363,-26.841467],[-48.715302,-26.84153],[-48.715249,-26.841599],[-48.715209,-26.841693],[-48.715166,-26.841822],[-48.715094,-26.842126],[-48.715057,-26.842246],[-48.715001,-26.842387],[-48.714919,-26.842549],[-48.714778,-26.842744],[-48.714615,-26.842955],[-48.71444,-26.843159],[-48.714372,-26.843275],[-48.714341,-26.843349],[-48.714323,-26.843421],[-48.714329,-26.843452],[-48.714368,-26.843572],[-48.714421,-26.843673],[-48.71446,-26.843722],[-48.714602,-26.843832],[-48.714678,-26.84387],[-48.714822,-26.84388],[-48.714929,-26.843856],[-48.715248,-26.843709],[-48.715795,-26.842034],[-48.716321,-26.840469],[-48.716491,-26.840033],[-48.716632,-26.839716],[-48.717149,-26.838733],[-48.7175,-26.838179],[-48.717717,-26.837866],[-48.71805,-26.837436],[-48.718299,-26.837138],[-48.718536,-26.83687],[-48.718837,-26.836555],[-48.719149,-26.836258],[-48.719465,-26.835976],[-48.719852,-26.835659],[-48.72025,-26.835356],[-48.720666,-26.835063],[-48.721048,-26.834817],[-48.721495,-26.834557],[-48.721991,-26.834293],[-48.722418,-26.834092],[-48.722918,-26.833877],[-48.723445,-26.833672],[-48.72397,-26.833494],[-48.724708,-26.833293],[-48.725169,-26.833191],[-48.725747,-26.83308],[-48.726296,-26.833004],[-48.726855,-26.83295],[-48.72738,-26.832917],[-48.727941,-26.832907],[-48.72841,-26.832908],[-48.728956,-26.832935],[-48.732347,-26.83314],[-48.734029,-26.83325],[-48.738261,-26.833498],[-48.743283,-26.833852],[-48.748164,-26.834156],[-48.754408,-26.834561],[-48.755549,-26.834665],[-48.75603,-26.83473],[-48.756465,-26.834801],[-48.756917,-26.83489],[-48.75766,-26.83506],[-48.758485,-26.835289],[-48.7592,-26.835532],[-48.759679,-26.835713],[-48.759988,-26.835838],[-48.760707,-26.836175],[-48.761718,-26.836698],[-48.762469,-26.837101],[-48.763481,-26.837631],[-48.765001,-26.838427],[-48.765701,-26.838764],[-48.765913,-26.838838],[-48.766173,-26.838912],[-48.766457,-26.838972],[-48.766894,-26.839027],[-48.767136,-26.839027],[-48.767519,-26.838991],[-48.767728,-26.838956],[-48.768112,-26.838853],[-48.7684,-26.838755],[-48.768992,-26.838508],[-48.769877,-26.838101],[-48.770741,-26.837718],[-48.7715,-26.837414],[-48.771988,-26.837263],[-48.772425,-26.837182],[-48.772886,-26.837153],[-48.773326,-26.837163],[-48.773836,-26.83723],[-48.774496,-26.837378],[-48.775624,-26.83771],[-48.779232,-26.838771],[-48.781212,-26.83937],[-48.782017,-26.83958],[-48.782628,-26.839647],[-48.78332,-26.839676],[-48.786432,-26.839484],[-48.788357,-26.83946],[-48.788781,-26.839484],[-48.789484,-26.839599],[-48.790149,-26.839772],[-48.790809,-26.840006],[-48.791571,-26.840403],[-48.791909,-26.8406],[-48.792268,-26.840853],[-48.793806,-26.842051],[-48.79418,-26.842332],[-48.795259,-26.843297],[-48.799619,-26.847246],[-48.80095,-26.848349],[-48.802723,-26.849897],[-48.810502,-26.8566],[-48.811129,-26.85715],[-48.811601,-26.857701],[-48.811805,-26.857978],[-48.812237,-26.858672],[-48.813146,-26.86018],[-48.815115,-26.863654],[-48.815812,-26.864702],[-48.816633,-26.865812],[-48.817454,-26.866755],[-48.818538,-26.867865],[-48.821834,-26.87105],[-48.825458,-26.874493],[-48.827797,-26.876737],[-48.828987,-26.877847],[-48.829272,-26.8781],[-48.829588,-26.878354],[-48.829969,-26.878603],[-48.83035,-26.878813],[-48.830685,-26.878988],[-48.831026,-26.879141],[-48.831383,-26.879268],[-48.831788,-26.879383],[-48.832163,-26.879464],[-48.832571,-26.879526],[-48.83302,-26.879576],[-48.83445,-26.879678],[-48.836828,-26.879878],[-48.837431,-26.879945],[-48.841945,-26.880302],[-48.855149,-26.881462],[-48.859366,-26.881818],[-48.860262,-26.881928],[-48.861072,-26.882057],[-48.862075,-26.882263],[-48.862998,-26.882488],[-48.863969,-26.882785],[-48.864648,-26.883033],[-48.865684,-26.883436],[-48.869243,-26.884823],[-48.874772,-26.886981],[-48.88236,-26.889962],[-48.883258,-26.890322],[-48.88578,-26.891313],[-48.889439,-26.892708],[-48.890195,-26.892952],[-48.890812,-26.893114],[-48.891306,-26.893229],[-48.891992,-26.893363],[-48.89269,-26.893459],[-48.893178,-26.893516],[-48.894063,-26.893564],[-48.895125,-26.893576],[-48.897167,-26.893538],[-48.901329,-26.89348],[-48.903708,-26.893447],[-48.905827,-26.893415],[-48.907433,-26.893382],[-48.908965,-26.893355],[-48.909737,-26.893346],[-48.910357,-26.893332],[-48.912216,-26.893289],[-48.913254,-26.893276],[-48.913703,-26.893296],[-48.914041,-26.893321],[-48.914549,-26.893379],[-48.915208,-26.89348],[-48.915667,-26.893577],[-48.916076,-26.893688],[-48.91671,-26.893917],[-48.917103,-26.894087],[-48.917578,-26.894304],[-48.918124,-26.894574],[-48.918627,-26.894836],[-48.925018,-26.898056],[-48.927149,-26.899129],[-48.928746,-26.899934],[-48.931728,-26.901454],[-48.93308,-26.902145],[-48.936083,-26.903671],[-48.949216,-26.910347],[-48.949553,-26.910514],[-48.950192,-26.910803],[-48.950753,-26.911031],[-48.951686,-26.911362],[-48.952133,-26.911507],[-48.952647,-26.911662],[-48.953679,-26.911934],[-48.954191,-26.912039],[-48.955087,-26.912179],[-48.957988,-26.912595],[-48.965882,-26.913659],[-48.96996,-26.91417],[-48.972382,-26.914489],[-48.974277,-26.91473],[-48.974466,-26.914746],[-48.974759,-26.914744],[-48.975153,-26.914688],[-48.975623,-26.914545],[-48.97606,-26.914384],[-48.976405,-26.914231],[-48.976777,-26.914005],[-48.977098,-26.913753],[-48.977299,-26.91354],[-48.977478,-26.913327],[-48.97781,-26.912862],[-48.978128,-26.912099],[-48.978163,-26.911999],[-48.978212,-26.911724],[-48.97825,-26.911416],[-48.978265,-26.911041],[-48.978249,-26.910273],[-48.978242,-26.908162],[-48.978273,-26.907779],[-48.978375,-26.907077],[-48.978418,-26.9069],[-48.978601,-26.906268],[-48.978708,-26.906031],[-48.979186,-26.905137],[-48.97962,-26.904517],[-48.979961,-26.904151],[-48.982637,-26.901474],[-48.984204,-26.899876],[-48.984596,-26.899477],[-48.985154,-26.898874],[-48.986547,-26.897486],[-48.987118,-26.896902],[-48.987264,-26.896728],[-48.987426,-26.896481],[-48.987571,-26.896209],[-48.987695,-26.89591],[-48.987778,-26.895647],[-48.987848,-26.89533],[-48.987886,-26.895016],[-48.987878,-26.894744],[-48.987785,-26.893909],[-48.987772,-26.893606],[-48.987788,-26.893214],[-48.98782,-26.892892],[-48.987867,-26.892704],[-48.987971,-26.892418],[-48.988058,-26.892219],[-48.988272,-26.891868],[-48.988607,-26.891448],[-48.98884,-26.891234],[-48.989628,-26.890573],[-48.989809,-26.890405],[-48.990372,-26.889916],[-48.991045,-26.889273],[-48.991287,-26.889],[-48.991501,-26.888737],[-48.992036,-26.888018],[-48.992429,-26.887376],[-48.992735,-26.886846],[-48.99297,-26.886527],[-48.993126,-26.886345],[-48.993308,-26.886113],[-48.99383,-26.885528],[-48.996438,-26.882694],[-48.997242,-26.881855],[-48.998055,-26.880987],[-48.998789,-26.880242],[-48.99908,-26.879976],[-48.999412,-26.879692],[-48.9996,-26.879545],[-48.999925,-26.879311],[-49.001275,-26.878395],[-49.00159,-26.878161],[-49.001758,-26.878025],[-49.001979,-26.877825],[-49.002179,-26.877624],[-49.002377,-26.877371],[-49.002773,-26.876743],[-49.003064,-26.876286],[-49.00343,-26.875854],[-49.003666,-26.875643],[-49.004002,-26.875395],[-49.004265,-26.875224],[-49.004463,-26.875117],[-49.004773,-26.874979],[-49.004989,-26.874894],[-49.005202,-26.874823],[-49.005544,-26.874743],[-49.005908,-26.874696],[-49.006813,-26.874555],[-49.007292,-26.874493],[-49.007733,-26.874458],[-49.008152,-26.874445],[-49.008559,-26.874442],[-49.009121,-26.874483],[-49.009926,-26.874561],[-49.010992,-26.874676],[-49.011527,-26.87474],[-49.012103,-26.874759],[-49.012428,-26.874736],[-49.012688,-26.874692],[-49.012894,-26.874621],[-49.013259,-26.874453],[-49.013644,-26.874172],[-49.013866,-26.873942],[-49.014004,-26.873748],[-49.014633,-26.872619],[-49.014815,-26.872375],[-49.015058,-26.872155],[-49.015241,-26.872025],[-49.015482,-26.871893],[-49.015696,-26.871794],[-49.016004,-26.871697],[-49.016226,-26.871636],[-49.016588,-26.87155],[-49.017123,-26.871435],[-49.020524,-26.87078],[-49.022857,-26.870327],[-49.023384,-26.870212],[-49.023796,-26.870094],[-49.024152,-26.869972],[-49.024568,-26.869814],[-49.029458,-26.867801],[-49.029845,-26.867632],[-49.030116,-26.867502],[-49.030468,-26.867318],[-49.030762,-26.867147],[-49.031111,-26.866922],[-49.031537,-26.866624],[-49.03231,-26.865989],[-49.032701,-26.865634],[-49.033105,-26.86521],[-49.033332,-26.864933],[-49.033866,-26.864169],[-49.034427,-26.863329],[-49.034954,-26.862476],[-49.035437,-26.861737],[-49.035687,-26.861399],[-49.036059,-26.861011],[-49.036354,-26.860774],[-49.036772,-26.86053],[-49.037242,-26.860321],[-49.037679,-26.860201],[-49.038152,-26.860139],[-49.038647,-26.860142],[-49.03918,-26.860227],[-49.039412,-26.860275],[-49.03964,-26.860336],[-49.039815,-26.860402],[-49.039979,-26.860478],[-49.040213,-26.860608],[-49.040424,-26.860741],[-49.041053,-26.86116],[-49.041807,-26.861692],[-49.042768,-26.862345],[-49.043775,-26.862964],[-49.044183,-26.863207],[-49.044555,-26.863447],[-49.044885,-26.863623],[-49.045205,-26.863752],[-49.045651,-26.863868],[-49.045874,-26.863902],[-49.046111,-26.863925],[-49.046664,-26.863934],[-49.046889,-26.863923],[-49.047117,-26.863894],[-49.047298,-26.863851],[-49.047553,-26.863774],[-49.048213,-26.863486],[-49.049429,-26.862831],[-49.049877,-26.862573],[-49.051251,-26.861822],[-49.05251,-26.861155],[-49.053884,-26.860414],[-49.055013,-26.859897],[-49.055515,-26.859696],[-49.055888,-26.859566],[-49.056294,-26.859437],[-49.056671,-26.859334],[-49.057013,-26.859254],[-49.057352,-26.859189],[-49.058028,-26.859109],[-49.058691,-26.859069],[-49.059251,-26.85906],[-49.059928,-26.859098],[-49.06032,-26.859135],[-49.060737,-26.859198],[-49.061138,-26.859268],[-49.061571,-26.859373],[-49.062198,-26.85954],[-49.063017,-26.859798],[-49.064588,-26.86026],[-49.065177,-26.860454],[-49.066338,-26.860886],[-49.067129,-26.861165],[-49.067746,-26.861356],[-49.067976,-26.86141],[-49.06837,-26.861472],[-49.068622,-26.861486],[-49.069079,-26.861495],[-49.069376,-26.861466],[-49.069593,-26.861437],[-49.069999,-26.861366],[-49.070212,-26.861315],[-49.070742,-26.861148],[-49.071,-26.861027],[-49.071236,-26.860891],[-49.072361,-26.860126],[-49.072533,-26.86003],[-49.072986,-26.859837],[-49.073228,-26.859749],[-49.073487,-26.85967],[-49.073755,-26.859627],[-49.074033,-26.859603],[-49.074387,-26.859603],[-49.075188,-26.859651],[-49.0761,-26.859682],[-49.076929,-26.859685],[-49.077333,-26.859698],[-49.077646,-26.85972],[-49.078107,-26.859787],[-49.078384,-26.859859],[-49.078951,-26.860053],[-49.079381,-26.860274],[-49.080805,-26.861083],[-49.081193,-26.861293],[-49.08147,-26.861428],[-49.081761,-26.861558],[-49.082077,-26.861684],[-49.082378,-26.86179],[-49.083258,-26.86206],[-49.083864,-26.862232],[-49.084062,-26.862246],[-49.084328,-26.86229],[-49.084842,-26.8624],[-49.085052,-26.862439],[-49.08538,-26.862535],[-49.085978,-26.86268],[-49.086354,-26.862762],[-49.086605,-26.862801],[-49.08686,-26.862828],[-49.087228,-26.862853],[-49.087658,-26.862849],[-49.088273,-26.8628],[-49.088754,-26.862746],[-49.090418,-26.862531],[-49.090756,-26.862485],[-49.091131,-26.862418],[-49.091857,-26.862327],[-49.092518,-26.862248],[-49.09404,-26.862102],[-49.094269,-26.862095],[-49.094675,-26.862107],[-49.094888,-26.862131],[-49.09534,-26.862213],[-49.095551,-26.862266],[-49.096028,-26.862429],[-49.096403,-26.862605],[-49.096503,-26.862662],[-49.096693,-26.862787],[-49.097168,-26.863142],[-49.097839,-26.863663],[-49.098526,-26.864209],[-49.099157,-26.864731],[-49.099478,-26.864979],[-49.09999,-26.865403],[-49.100477,-26.865842],[-49.10084,-26.866196],[-49.101038,-26.866372],[-49.101243,-26.866531],[-49.101493,-26.866709],[-49.102005,-26.866998],[-49.102798,-26.867428],[-49.103985,-26.868022],[-49.104195,-26.868146],[-49.104431,-26.868301],[-49.104603,-26.868442],[-49.104814,-26.868647],[-49.105014,-26.868884],[-49.105649,-26.869754],[-49.106172,-26.870339],[-49.106377,-26.87049],[-49.106634,-26.870645],[-49.106979,-26.870841],[-49.107261,-26.870974],[-49.107406,-26.87103],[-49.107664,-26.871106],[-49.108155,-26.871162],[-49.108374,-26.871167],[-49.108886,-26.87113],[-49.109586,-26.871051],[-49.109854,-26.87103],[-49.110234,-26.871034],[-49.110438,-26.871048],[-49.110671,-26.871084],[-49.110954,-26.871143],[-49.111304,-26.871249],[-49.111618,-26.871394],[-49.111912,-26.871573],[-49.112642,-26.872073],[-49.112958,-26.872325],[-49.113097,-26.872416],[-49.114204,-26.873199],[-49.114629,-26.873568],[-49.115201,-26.874014],[-49.115634,-26.874338],[-49.116117,-26.874656],[-49.116349,-26.874783],[-49.117117,-26.875162],[-49.117289,-26.875265],[-49.118638,-26.875822],[-49.119188,-26.876076],[-49.119436,-26.876178],[-49.119876,-26.876302],[-49.120118,-26.876351],[-49.120437,-26.876382],[-49.120881,-26.876398],[-49.125204,-26.876441],[-49.125765,-26.876423],[-49.126115,-26.876404],[-49.126356,-26.876402],[-49.127161,-26.876501],[-49.127524,-26.876566],[-49.127941,-26.876649],[-49.128559,-26.876811],[-49.129316,-26.877049],[-49.129935,-26.877263],[-49.132736,-26.878182],[-49.133842,-26.87853],[-49.134438,-26.878748],[-49.134727,-26.87888],[-49.134995,-26.879016],[-49.135254,-26.879163],[-49.135602,-26.879442],[-49.137019,-26.880682],[-49.137478,-26.88105],[-49.138048,-26.881414],[-49.138545,-26.881712],[-49.13878,-26.881832],[-49.139041,-26.881952],[-49.139777,-26.882214],[-49.140136,-26.882323],[-49.142906,-26.883061],[-49.145031,-26.883647],[-49.146099,-26.883948],[-49.146802,-26.884106],[-49.147135,-26.884162],[-49.147459,-26.884187],[-49.148012,-26.884196],[-49.148541,-26.884144],[-49.149113,-26.884102],[-49.149467,-26.884092],[-49.149636,-26.884139],[-49.15071,-26.884036],[-49.151092,-26.883983],[-49.151315,-26.883931],[-49.151598,-26.883834],[-49.15195,-26.883649],[-49.152177,-26.88352],[-49.152894,-26.883042],[-49.153244,-26.882869],[-49.153383,-26.882816],[-49.15353,-26.882776],[-49.153718,-26.882736],[-49.153911,-26.882713],[-49.154201,-26.882709],[-49.154449,-26.88273],[-49.154771,-26.882777],[-49.155395,-26.882902],[-49.155632,-26.882941],[-49.155926,-26.882979],[-49.156245,-26.882978],[-49.156494,-26.88295],[-49.156808,-26.882876],[-49.158167,-26.882355],[-49.158654,-26.882209],[-49.158939,-26.882155],[-49.159189,-26.882131],[-49.159467,-26.88213],[-49.160688,-26.882237],[-49.16087,-26.882234],[-49.161361,-26.882194],[-49.161676,-26.882139],[-49.164473,-26.881377],[-49.168129,-26.880389],[-49.16952,-26.880005],[-49.170547,-26.879754],[-49.171083,-26.87966],[-49.171838,-26.879545],[-49.17246,-26.879488],[-49.172847,-26.87943],[-49.173132,-26.879355],[-49.173955,-26.879024],[-49.176383,-26.878016],[-49.176975,-26.877741],[-49.178687,-26.876855],[-49.179307,-26.876572],[-49.179836,-26.876321],[-49.180344,-26.876054],[-49.180815,-26.875738],[-49.181727,-26.875081],[-49.181947,-26.87494],[-49.182302,-26.874729],[-49.182627,-26.874585],[-49.182948,-26.874487],[-49.183221,-26.874434],[-49.183462,-26.874404],[-49.183995,-26.874371],[-49.184338,-26.874378],[-49.185762,-26.874434],[-49.187079,-26.874482],[-49.187556,-26.874469],[-49.188041,-26.874418],[-49.188536,-26.874341],[-49.189043,-26.874235],[-49.189571,-26.87409],[-49.189799,-26.874002],[-49.190025,-26.873893],[-49.190204,-26.873784],[-49.190421,-26.873637],[-49.191596,-26.872709],[-49.191885,-26.872533],[-49.192156,-26.8724],[-49.19247,-26.872289],[-49.192722,-26.872224],[-49.193072,-26.872162],[-49.193646,-26.872083],[-49.194135,-26.872025],[-49.195501,-26.871847],[-49.196807,-26.871687],[-49.197223,-26.871627],[-49.197621,-26.871538],[-49.19804,-26.8714],[-49.198424,-26.871238],[-49.198789,-26.871074],[-49.198956,-26.870928],[-49.199357,-26.870706],[-49.200223,-26.870311],[-49.200868,-26.870024],[-49.201354,-26.869859],[-49.201888,-26.869719],[-49.202348,-26.86964],[-49.202816,-26.869578],[-49.203289,-26.869545],[-49.203669,-26.869549],[-49.205566,-26.869714],[-49.206076,-26.869746],[-49.20706,-26.869826],[-49.208508,-26.869977],[-49.210772,-26.870166],[-49.212882,-26.87037],[-49.216218,-26.870717],[-49.217471,-26.870872],[-49.218184,-26.870918],[-49.218817,-26.870884],[-49.219093,-26.870844],[-49.22122,-26.870488],[-49.221668,-26.870419],[-49.222405,-26.870277],[-49.223981,-26.870011],[-49.224822,-26.869785],[-49.224957,-26.869768],[-49.225255,-26.869752],[-49.225539,-26.86975],[-49.226016,-26.869784],[-49.226253,-26.869814],[-49.227034,-26.869968],[-49.227278,-26.870034],[-49.227423,-26.87008],[-49.227997,-26.870369],[-49.228217,-26.870515],[-49.228989,-26.870906],[-49.230679,-26.871797],[-49.23339,-26.87325],[-49.23406,-26.873634],[-49.234393,-26.873839],[-49.234725,-26.874062],[-49.236225,-26.875167],[-49.236848,-26.875645],[-49.237692,-26.876316],[-49.238306,-26.87677],[-49.239193,-26.877442],[-49.240242,-26.878226],[-49.242186,-26.879793],[-49.24415,-26.881299],[-49.246046,-26.882767],[-49.247591,-26.883943],[-49.251952,-26.887296],[-49.25382,-26.888734],[-49.254079,-26.888979],[-49.255078,-26.889757],[-49.255254,-26.889888],[-49.25603,-26.890518],[-49.2573,-26.891494],[-49.258675,-26.892514],[-49.258952,-26.892684],[-49.259549,-26.893112],[-49.260642,-26.893953],[-49.261371,-26.894522],[-49.262909,-26.89568],[-49.263504,-26.89615],[-49.263672,-26.896291],[-49.26402,-26.89661],[-49.264234,-26.896818],[-49.264463,-26.89706],[-49.266068,-26.898828],[-49.267643,-26.900538],[-49.268372,-26.901352],[-49.269063,-26.902098],[-49.272329,-26.905702],[-49.273505,-26.907033],[-49.274607,-26.90825],[-49.27591,-26.909656],[-49.276733,-26.910577],[-49.277076,-26.911069],[-49.278265,-26.912441],[-49.2791,-26.913315],[-49.279549,-26.913827],[-49.279704,-26.914021],[-49.279851,-26.914222],[-49.279974,-26.914417],[-49.28028,-26.914937],[-49.28043,-26.915262],[-49.28148,-26.918084],[-49.283193,-26.922781],[-49.283593,-26.923775],[-49.285809,-26.929292],[-49.288146,-26.93495],[-49.28829,-26.935209],[-49.288432,-26.93544],[-49.288585,-26.935666],[-49.288807,-26.935952],[-49.290987,-26.938509],[-49.292168,-26.939923],[-49.292551,-26.940368],[-49.292946,-26.940864],[-49.293113,-26.941106],[-49.293364,-26.941522],[-49.293494,-26.941762],[-49.293625,-26.942054],[-49.293824,-26.942616],[-49.294255,-26.944231],[-49.294415,-26.94487],[-49.294736,-26.945659],[-49.295064,-26.946172],[-49.296526,-26.948041],[-49.297013,-26.948547],[-49.297503,-26.948974],[-49.297979,-26.949299],[-49.29848,-26.949593],[-49.299288,-26.94994],[-49.302567,-26.951119],[-49.303116,-26.951306],[-49.303834,-26.951493],[-49.304509,-26.951586],[-49.305262,-26.951634],[-49.306148,-26.951595],[-49.306779,-26.951485],[-49.307331,-26.951343],[-49.310238,-26.950496],[-49.312554,-26.94982],[-49.314871,-26.949145],[-49.317805,-26.948274],[-49.318201,-26.948211],[-49.318434,-26.948198],[-49.318726,-26.948209],[-49.319221,-26.948249],[-49.319484,-26.948297],[-49.319764,-26.948366],[-49.324214,-26.949815],[-49.325288,-26.950157],[-49.325669,-26.950317],[-49.325853,-26.95042],[-49.326062,-26.950567],[-49.326188,-26.950672],[-49.326344,-26.950831],[-49.326469,-26.951001],[-49.32659,-26.951224],[-49.326663,-26.951396],[-49.326733,-26.951647],[-49.326756,-26.951855],[-49.326757,-26.952114],[-49.326714,-26.95245],[-49.326436,-26.953963],[-49.326158,-26.955476],[-49.326008,-26.956092],[-49.325919,-26.956371],[-49.325864,-26.956505],[-49.324986,-26.958945],[-49.324947,-26.959224],[-49.324947,-26.959443],[-49.325008,-26.959748],[-49.325158,-26.960056],[-49.325266,-26.960193],[-49.325352,-26.960287],[-49.32558,-26.960484],[-49.326708,-26.961267],[-49.327815,-26.961937],[-49.328301,-26.962184],[-49.328776,-26.962384],[-49.331216,-26.963208],[-49.331698,-26.963313],[-49.332176,-26.963383],[-49.332733,-26.963414],[-49.333216,-26.963415],[-49.333566,-26.963391],[-49.33401,-26.963341],[-49.33573,-26.96294],[-49.342337,-26.961354],[-49.342816,-26.96122],[-49.34319,-26.961068],[-49.343786,-26.960786],[-49.347634,-26.958703],[-49.348346,-26.958229],[-49.348979,-26.957664],[-49.349763,-26.956814],[-49.351333,-26.955072],[-49.352191,-26.954116],[-49.353614,-26.952528],[-49.355074,-26.95093],[-49.355427,-26.950616],[-49.355759,-26.950387],[-49.356047,-26.950252],[-49.356316,-26.950146],[-49.356747,-26.950017],[-49.357091,-26.949946],[-49.358966,-26.949618],[-49.360647,-26.949349],[-49.361194,-26.949215],[-49.361542,-26.949105],[-49.362076,-26.948904],[-49.364117,-26.948053],[-49.364441,-26.947973],[-49.364786,-26.947948],[-49.365133,-26.947973],[-49.365789,-26.948056],[-49.366144,-26.948117],[-49.366486,-26.94825],[-49.366825,-26.948451],[-49.368744,-26.950114],[-49.369294,-26.950625],[-49.370178,-26.951429],[-49.370981,-26.952204],[-49.371314,-26.952604],[-49.372531,-26.954337],[-49.372755,-26.954558],[-49.373039,-26.954821],[-49.37314,-26.954942],[-49.373199,-26.955053],[-49.373405,-26.955593],[-49.374371,-26.956978],[-49.375003,-26.957863],[-49.375545,-26.95862],[-49.375637,-26.958786],[-49.375682,-26.958905],[-49.375722,-26.95902],[-49.375748,-26.959162],[-49.375761,-26.959308],[-49.375758,-26.959437],[-49.375735,-26.959573],[-49.375691,-26.959706],[-49.375618,-26.959881],[-49.375504,-26.96005],[-49.375335,-26.960238],[-49.375108,-26.960415],[-49.37501,-26.960474],[-49.374175,-26.96078],[-49.372833,-26.961237],[-49.371992,-26.961555],[-49.371293,-26.961879],[-49.371071,-26.962015],[-49.37093,-26.962116],[-49.370531,-26.962434],[-49.370225,-26.962749],[-49.370048,-26.962953],[-49.369745,-26.963366],[-49.369573,-26.963646],[-49.369415,-26.963969],[-49.36923,-26.964477],[-49.368956,-26.96542],[-49.368345,-26.967711],[-49.36798,-26.968795],[-49.366898,-26.97148],[-49.366811,-26.971778],[-49.36677,-26.97212],[-49.366769,-26.972348],[-49.366837,-26.972634],[-49.366946,-26.972979],[-49.367795,-26.975147],[-49.368319,-26.976118],[-49.369444,-26.977971],[-49.370371,-26.979498],[-49.371298,-26.981048],[-49.371521,-26.981518],[-49.371644,-26.981799],[-49.371974,-26.982666],[-49.372304,-26.983729],[-49.372975,-26.98548],[-49.373867,-26.987997],[-49.374337,-26.989229],[-49.375158,-26.991505],[-49.375602,-26.992715],[-49.375737,-26.993126],[-49.375809,-26.993432],[-49.375876,-26.993819],[-49.375919,-26.994188],[-49.376,-26.996015],[-49.375999,-26.996311],[-49.375961,-26.996732],[-49.375902,-26.997102],[-49.375571,-26.998859],[-49.374959,-27.001987],[-49.37427,-27.005561],[-49.374102,-27.006279],[-49.373269,-27.00883],[-49.372058,-27.012432],[-49.371294,-27.014582],[-49.371148,-27.015157],[-49.371003,-27.015864],[-49.370922,-27.016682],[-49.370879,-27.017666],[-49.370858,-27.018765],[-49.370906,-27.01932],[-49.371223,-27.02039],[-49.372044,-27.022925],[-49.372258,-27.0233],[-49.372414,-27.023513],[-49.372599,-27.023726],[-49.372883,-27.023979],[-49.373244,-27.024259],[-49.373619,-27.024507],[-49.375566,-27.025427],[-49.377802,-27.02643],[-49.378925,-27.026953],[-49.379801,-27.02735],[-49.380137,-27.027524],[-49.380607,-27.027836],[-49.380875,-27.028043],[-49.381126,-27.028266],[-49.38136,-27.028503],[-49.382874,-27.030166],[-49.383713,-27.031101],[-49.383981,-27.031354],[-49.384378,-27.031686],[-49.385137,-27.032241],[-49.387235,-27.033701],[-49.391963,-27.036926],[-49.39563,-27.039412],[-49.395938,-27.039646],[-49.396171,-27.039942],[-49.396313,-27.04028],[-49.396356,-27.040588],[-49.396114,-27.042205],[-49.395985,-27.042958],[-49.395886,-27.043278],[-49.395712,-27.04361],[-49.3955,-27.043885],[-49.393702,-27.045652],[-49.392228,-27.047087],[-49.392007,-27.047358],[-49.391827,-27.047653],[-49.39141,-27.048812],[-49.390784,-27.050497],[-49.390559,-27.051193],[-49.390058,-27.053051],[-49.389667,-27.054778],[-49.389281,-27.056601],[-49.389252,-27.057021],[-49.389368,-27.057339],[-49.389591,-27.057678],[-49.389927,-27.058038],[-49.390836,-27.058919],[-49.392414,-27.060487],[-49.393597,-27.061663],[-49.394026,-27.06202],[-49.394602,-27.062381],[-49.398943,-27.064487],[-49.399471,-27.064618],[-49.400207,-27.06471],[-49.401478,-27.06479],[-49.402296,-27.064825],[-49.403082,-27.064764],[-49.403649,-27.064654],[-49.404222,-27.064483],[-49.405295,-27.06406],[-49.408027,-27.062921],[-49.408201,-27.062832],[-49.408484,-27.06266],[-49.408749,-27.062487],[-49.409633,-27.061773],[-49.409955,-27.061547],[-49.410166,-27.06142],[-49.410423,-27.061309],[-49.410751,-27.061198],[-49.411349,-27.061052],[-49.41164,-27.061015],[-49.411909,-27.061023],[-49.412625,-27.061119],[-49.412966,-27.061187],[-49.413462,-27.061326],[-49.414171,-27.061589],[-49.41481,-27.061876],[-49.415074,-27.062047],[-49.41527,-27.062188],[-49.415461,-27.062392],[-49.415614,-27.062641],[-49.41575,-27.062929],[-49.415844,-27.063588],[-49.415857,-27.064418],[-49.415955,-27.064761],[-49.416092,-27.065089],[-49.416421,-27.065471],[-49.417813,-27.066614],[-49.418067,-27.066858],[-49.418306,-27.067223],[-49.418581,-27.06778],[-49.419111,-27.068472],[-49.419465,-27.069025],[-49.420133,-27.070295],[-49.420496,-27.070919],[-49.420941,-27.071373],[-49.422569,-27.072752],[-49.423394,-27.073428],[-49.423714,-27.073675],[-49.42422,-27.074006],[-49.425589,-27.074801],[-49.426032,-27.075111],[-49.427324,-27.076131],[-49.427731,-27.076349],[-49.428204,-27.076533],[-49.431386,-27.077589],[-49.434526,-27.078905],[-49.434735,-27.078985],[-49.434965,-27.079057],[-49.435104,-27.079085],[-49.435373,-27.079123],[-49.437544,-27.079022],[-49.437927,-27.079082],[-49.438224,-27.07918],[-49.438538,-27.079339],[-49.438804,-27.079515],[-49.439825,-27.080384],[-49.440973,-27.080948],[-49.441695,-27.081385],[-49.44326,-27.082444],[-49.444141,-27.082946],[-49.444659,-27.08314],[-49.44591,-27.0835],[-49.446836,-27.083734],[-49.44726,-27.083825],[-49.447977,-27.083919],[-49.448709,-27.083926],[-49.44922,-27.083905],[-49.449852,-27.083851],[-49.453079,-27.08342],[-49.453649,-27.083404],[-49.45403,-27.083461],[-49.454502,-27.083624],[-49.455224,-27.083988],[-49.455921,-27.084387],[-49.456454,-27.084813],[-49.457688,-27.085872],[-49.457965,-27.086218],[-49.45814,-27.086653],[-49.458782,-27.089317],[-49.458781,-27.089643],[-49.458729,-27.089905],[-49.458625,-27.090212],[-49.458123,-27.091259],[-49.458023,-27.091756],[-49.457912,-27.092657],[-49.45786,-27.093646],[-49.457867,-27.094013],[-49.457906,-27.095183],[-49.457979,-27.096709],[-49.458011,-27.096881],[-49.458142,-27.097344],[-49.458219,-27.097558],[-49.458379,-27.097883],[-49.458564,-27.098156],[-49.458776,-27.098425],[-49.45901,-27.098644],[-49.459314,-27.098875],[-49.459689,-27.099108],[-49.460089,-27.099348],[-49.460599,-27.099603],[-49.460774,-27.099642],[-49.460947,-27.099654],[-49.461148,-27.099644],[-49.461329,-27.099589],[-49.461593,-27.099407],[-49.461747,-27.099212],[-49.461857,-27.099036],[-49.462016,-27.098734],[-49.462107,-27.098433],[-49.46219,-27.098053],[-49.462332,-27.097623],[-49.462461,-27.097409],[-49.462603,-27.097227],[-49.462805,-27.097041],[-49.462987,-27.096892],[-49.46386,-27.096334],[-49.464395,-27.096005],[-49.464819,-27.095779],[-49.465629,-27.09542],[-49.465777,-27.095331],[-49.465921,-27.095221],[-49.466236,-27.094911],[-49.466683,-27.094414],[-49.467077,-27.094017],[-49.46743,-27.093763],[-49.467975,-27.09343],[-49.468828,-27.092967],[-49.469054,-27.092798],[-49.469231,-27.092619],[-49.469351,-27.092423],[-49.469703,-27.091706],[-49.470151,-27.091075],[-49.470863,-27.090399],[-49.471138,-27.090039],[-49.471486,-27.089536],[-49.471966,-27.088813],[-49.472502,-27.088171],[-49.472906,-27.087869],[-49.473399,-27.0876],[-49.473814,-27.08747],[-49.474367,-27.087336],[-49.475981,-27.087038],[-49.476562,-27.0869],[-49.477469,-27.08659],[-49.478389,-27.086225],[-49.479125,-27.08591],[-49.479524,-27.085675],[-49.479846,-27.085444],[-49.480218,-27.085123],[-49.480804,-27.084536],[-49.48175,-27.083672],[-49.484511,-27.081158],[-49.485888,-27.07993],[-49.486593,-27.079315],[-49.487046,-27.079022],[-49.487499,-27.078828],[-49.487911,-27.078698],[-49.488394,-27.078593],[-49.492458,-27.077924],[-49.495135,-27.077419],[-49.495505,-27.07738],[-49.495761,-27.077391],[-49.496315,-27.077489],[-49.496766,-27.077599],[-49.497203,-27.07775],[-49.497619,-27.07794],[-49.498012,-27.078166],[-49.498377,-27.078428],[-49.498697,-27.078726],[-49.499243,-27.079408],[-49.499726,-27.080401],[-49.49999,-27.080909],[-49.500167,-27.081265],[-49.500263,-27.081422],[-49.500413,-27.081597],[-49.500611,-27.081728],[-49.500824,-27.081847],[-49.501135,-27.081921],[-49.501504,-27.08191],[-49.502297,-27.081671],[-49.502662,-27.081576],[-49.503018,-27.081586],[-49.505161,-27.081907],[-49.506708,-27.082128],[-49.507763,-27.082403],[-49.509511,-27.083138],[-49.509792,-27.083179],[-49.510086,-27.083194],[-49.510393,-27.083129],[-49.510831,-27.082922],[-49.51116,-27.082689],[-49.514142,-27.080188],[-49.51459,-27.079909],[-49.515048,-27.079754],[-49.515648,-27.079667],[-49.517912,-27.080013],[-49.518886,-27.080183],[-49.519404,-27.080377],[-49.519739,-27.080589],[-49.520006,-27.080771],[-49.520203,-27.08094],[-49.520351,-27.081093],[-49.520438,-27.081247],[-49.520523,-27.081445],[-49.52068,-27.082085],[-49.520828,-27.082758],[-49.520842,-27.08294],[-49.520834,-27.083169],[-49.520777,-27.083432],[-49.520668,-27.083775],[-49.52057,-27.083945],[-49.519881,-27.08505],[-49.519108,-27.086238],[-49.518955,-27.086559],[-49.518925,-27.086815],[-49.518905,-27.087107],[-49.51895,-27.087536],[-49.519134,-27.087996],[-49.520252,-27.089499],[-49.520366,-27.089686],[-49.52054,-27.090207],[-49.520574,-27.090781],[-49.520596,-27.091369],[-49.520656,-27.091733],[-49.520831,-27.091984],[-49.521233,-27.092225],[-49.521518,-27.092323],[-49.521846,-27.092421],[-49.522928,-27.092385],[-49.523368,-27.092484],[-49.523629,-27.092578],[-49.523929,-27.092772],[-49.52422,-27.093032],[-49.526035,-27.095434],[-49.526344,-27.095628],[-49.526564,-27.095737],[-49.5269,-27.095869],[-49.527372,-27.09589],[-49.52772,-27.095858],[-49.528256,-27.095711],[-49.529145,-27.095368],[-49.529555,-27.095294],[-49.529753,-27.095291],[-49.530286,-27.095473],[-49.530618,-27.095698],[-49.530929,-27.096062],[-49.531037,-27.096353],[-49.53105,-27.096857],[-49.530957,-27.097215],[-49.530737,-27.09762],[-49.530418,-27.097917],[-49.528332,-27.09944],[-49.527688,-27.099922],[-49.526916,-27.100576],[-49.526555,-27.101025],[-49.525835,-27.101985],[-49.524543,-27.103838],[-49.524075,-27.104387],[-49.523805,-27.104589],[-49.522125,-27.105381],[-49.521923,-27.105576],[-49.52184,-27.10575],[-49.521786,-27.105885],[-49.521783,-27.106146],[-49.521808,-27.106349],[-49.521911,-27.106596],[-49.522134,-27.106847],[-49.52305,-27.107305],[-49.523537,-27.107568],[-49.523907,-27.107833],[-49.524237,-27.108121],[-49.524419,-27.108331],[-49.525542,-27.109737],[-49.526465,-27.110875],[-49.52702,-27.11154],[-49.527206,-27.11171],[-49.527759,-27.11215],[-49.529368,-27.113299],[-49.529809,-27.113623],[-49.530567,-27.114139],[-49.531348,-27.114687],[-49.531581,-27.11486],[-49.531856,-27.115116],[-49.532223,-27.115565],[-49.532649,-27.116249],[-49.533859,-27.118392],[-49.534119,-27.118941],[-49.536052,-27.122397],[-49.536218,-27.122706],[-49.5374,-27.124777],[-49.537777,-27.125464],[-49.537942,-27.125819],[-49.538048,-27.126086],[-49.538115,-27.126455],[-49.538158,-27.12682],[-49.538222,-27.127592],[-49.53832,-27.128789],[-49.538475,-27.131469],[-49.538526,-27.131819],[-49.538625,-27.132093],[-49.53872,-27.132329],[-49.538921,-27.132657],[-49.539719,-27.133472],[-49.540048,-27.133756],[-49.542295,-27.135858],[-49.543091,-27.136563],[-49.544808,-27.138176],[-49.546237,-27.139509],[-49.546718,-27.13994],[-49.547946,-27.141069],[-49.548286,-27.141514],[-49.548424,-27.141751],[-49.548634,-27.142179],[-49.548806,-27.142622],[-49.548882,-27.142887],[-49.548943,-27.143283],[-49.548972,-27.144621],[-49.549056,-27.145004],[-49.549174,-27.145296],[-49.549351,-27.145581],[-49.549559,-27.145886],[-49.54983,-27.146204],[-49.550102,-27.146437],[-49.550349,-27.146598],[-49.55054,-27.146699],[-49.550885,-27.146858],[-49.551259,-27.146995],[-49.55162,-27.147061],[-49.551983,-27.147093],[-49.554039,-27.147157],[-49.554526,-27.147229],[-49.554925,-27.147323],[-49.555267,-27.147474],[-49.555597,-27.147681],[-49.555863,-27.147949],[-49.556137,-27.148343],[-49.556293,-27.148753],[-49.556364,-27.149178],[-49.556381,-27.149548],[-49.55641,-27.151196],[-49.556448,-27.153392],[-49.556483,-27.155351],[-49.556544,-27.159538],[-49.556558,-27.159963],[-49.556601,-27.162519],[-49.556648,-27.16288],[-49.556735,-27.163182],[-49.556873,-27.163502],[-49.558208,-27.165774],[-49.558462,-27.166189],[-49.558842,-27.166711],[-49.559256,-27.167095],[-49.560789,-27.168189],[-49.561793,-27.16881],[-49.562207,-27.169015],[-49.562609,-27.169132],[-49.563038,-27.169201],[-49.564244,-27.169295],[-49.565725,-27.169349],[-49.56805,-27.169412],[-49.569386,-27.169452],[-49.570397,-27.169486],[-49.572148,-27.169587],[-49.572735,-27.169669],[-49.573436,-27.169845],[-49.574419,-27.170124],[-49.577901,-27.17111],[-49.580473,-27.171838],[-49.583121,-27.172552],[-49.585307,-27.173153],[-49.587641,-27.1738],[-49.588049,-27.173941],[-49.588261,-27.174025],[-49.588955,-27.174343],[-49.589356,-27.17445],[-49.589697,-27.174566],[-49.589798,-27.174621],[-49.589893,-27.174684],[-49.589994,-27.174768],[-49.590147,-27.17492],[-49.590222,-27.175008],[-49.590456,-27.175308],[-49.592251,-27.176514],[-49.594169,-27.177838],[-49.594707,-27.178069],[-49.594773,-27.17808],[-49.594857,-27.178115],[-49.594929,-27.178164],[-49.594988,-27.178227],[-49.595029,-27.1783],[-49.595321,-27.178595],[-49.600784,-27.182274],[-49.601038,-27.182443],[-49.601981,-27.183036],[-49.602351,-27.183283],[-49.605135,-27.185227],[-49.607425,-27.186676],[-49.608185,-27.187183],[-49.608492,-27.187374],[-49.609335,-27.187837],[-49.60956,-27.18795],[-49.609969,-27.1881],[-49.610296,-27.188194],[-49.610453,-27.188224],[-49.61334,-27.188612],[-49.615707,-27.188904],[-49.616461,-27.189006],[-49.617733,-27.189174],[-49.617943,-27.189208],[-49.618164,-27.189259],[-49.618383,-27.18932],[-49.61859,-27.189397],[-49.618742,-27.189464],[-49.618878,-27.189536],[-49.619136,-27.189706],[-49.619557,-27.190044],[-49.623888,-27.193698],[-49.624886,-27.194551],[-49.628956,-27.19798],[-49.629929,-27.198817],[-49.630684,-27.199254],[-49.630915,-27.199408],[-49.631083,-27.199533],[-49.632747,-27.200904],[-49.633778,-27.201772],[-49.634012,-27.201984],[-49.634359,-27.202401],[-49.634853,-27.202944],[-49.635739,-27.203706],[-49.63605,-27.203947],[-49.636184,-27.204035],[-49.636337,-27.204121],[-49.636516,-27.204209],[-49.636699,-27.204288],[-49.63687,-27.204352],[-49.637041,-27.204407],[-49.637205,-27.204448],[-49.637581,-27.204517],[-49.640338,-27.204896],[-49.642474,-27.205187],[-49.643674,-27.205343],[-49.645058,-27.20551],[-49.645359,-27.205575],[-49.645604,-27.205634],[-49.645725,-27.20567],[-49.645982,-27.205761],[-49.646279,-27.205881],[-49.646933,-27.206231],[-49.64725,-27.206413],[-49.648589,-27.207214],[-49.650464,-27.208299],[-49.650898,-27.20853],[-49.651265,-27.208752],[-49.651468,-27.208903],[-49.651631,-27.209073],[-49.651704,-27.209175],[-49.651783,-27.20931],[-49.651835,-27.209443],[-49.651861,-27.209536],[-49.651885,-27.209672],[-49.651893,-27.209796],[-49.65189,-27.209915],[-49.651874,-27.210044],[-49.651763,-27.210594],[-49.651713,-27.210887],[-49.651172,-27.213268],[-49.651147,-27.213565],[-49.651163,-27.213789],[-49.65119,-27.214009],[-49.651236,-27.214155],[-49.651318,-27.214355],[-49.651413,-27.214522],[-49.651524,-27.214659],[-49.651622,-27.214767],[-49.651746,-27.214876],[-49.651874,-27.214969],[-49.652131,-27.215117],[-49.652282,-27.215185],[-49.65288,-27.215386],[-49.653083,-27.21547],[-49.653201,-27.215529],[-49.653335,-27.215607],[-49.653543,-27.215788],[-49.653649,-27.215903],[-49.653705,-27.215981],[-49.654104,-27.216833],[-49.654211,-27.217046],[-49.654383,-27.21731],[-49.654494,-27.217435],[-49.654627,-27.217559],[-49.654749,-27.217662],[-49.655048,-27.217887],[-49.655269,-27.218026],[-49.655706,-27.218284],[-49.656244,-27.218578],[-49.659813,-27.220666],[-49.660163,-27.220788],[-49.660502,-27.220932],[-49.660635,-27.221004],[-49.660726,-27.221067],[-49.660837,-27.221168],[-49.661141,-27.221408],[-49.661306,-27.221523],[-49.661664,-27.221748],[-49.662786,-27.222406],[-49.663078,-27.222626],[-49.663289,-27.2228],[-49.663647,-27.223116],[-49.664014,-27.223473],[-49.667871,-27.228091],[-49.668621,-27.229012],[-49.669661,-27.230199],[-49.67062,-27.231383],[-49.670801,-27.231583],[-49.671009,-27.231777],[-49.671506,-27.23219],[-49.671901,-27.232506],[-49.672145,-27.23268],[-49.672475,-27.232893],[-49.67275,-27.23305],[-49.673067,-27.233224],[-49.673324,-27.233352],[-49.673746,-27.233547],[-49.676182,-27.234575],[-49.678095,-27.23534],[-49.679697,-27.236003],[-49.680656,-27.236382],[-49.681022,-27.236555],[-49.681403,-27.236754],[-49.681971,-27.237073],[-49.682269,-27.237302],[-49.682556,-27.23755],[-49.684573,-27.23952],[-49.684904,-27.23983],[-49.685374,-27.240291],[-49.685921,-27.240775],[-49.686213,-27.241008],[-49.686466,-27.241188],[-49.686654,-27.241311],[-49.687624,-27.241929],[-49.689037,-27.24279],[-49.692709,-27.245033],[-49.693793,-27.245511],[-49.694027,-27.245637],[-49.694166,-27.245728],[-49.694284,-27.245817],[-49.694641,-27.246122],[-49.694984,-27.246448],[-49.695639,-27.247111],[-49.696461,-27.24773],[-49.699765,-27.250217],[-49.701967,-27.251926],[-49.704273,-27.253665],[-49.704799,-27.254024],[-49.705574,-27.254465],[-49.706215,-27.254756],[-49.707002,-27.255057],[-49.707858,-27.2554],[-49.70965,-27.256074],[-49.711681,-27.256806],[-49.712415,-27.256944],[-49.712624,-27.257023],[-49.712723,-27.257072],[-49.713097,-27.257305],[-49.713427,-27.25748],[-49.714005,-27.257685],[-49.715171,-27.258147],[-49.715508,-27.258304],[-49.71594,-27.258521],[-49.718868,-27.260225],[-49.720332,-27.261078],[-49.721272,-27.261662],[-49.72456,-27.263707],[-49.725764,-27.264595],[-49.726955,-27.265736],[-49.729335,-27.26802],[-49.732009,-27.270597],[-49.733525,-27.271958],[-49.736921,-27.27453],[-49.738541,-27.275828],[-49.739011,-27.276163],[-49.739261,-27.276294],[-49.739785,-27.276538],[-49.740116,-27.276594],[-49.740485,-27.276613],[-49.741078,-27.276552],[-49.741539,-27.276427],[-49.741976,-27.276192],[-49.74243,-27.27585],[-49.743162,-27.275262],[-49.743973,-27.274715],[-49.74458,-27.2745],[-49.745154,-27.274377],[-49.745727,-27.274336],[-49.746215,-27.2744],[-49.749304,-27.275295],[-49.750123,-27.275648],[-49.750897,-27.27616],[-49.752023,-27.277103],[-49.753261,-27.278109],[-49.754229,-27.278869],[-49.754714,-27.279122],[-49.755192,-27.279227],[-49.755669,-27.279213],[-49.756619,-27.279051],[-49.757088,-27.279005],[-49.757509,-27.279077],[-49.757863,-27.279196],[-49.758228,-27.279449],[-49.760468,-27.281577],[-49.761119,-27.282111],[-49.762632,-27.28316],[-49.763979,-27.284159],[-49.765242,-27.284953],[-49.765961,-27.285308],[-49.766181,-27.285358],[-49.766495,-27.285406],[-49.769737,-27.28542],[-49.773192,-27.28542],[-49.774681,-27.285435],[-49.774927,-27.285458],[-49.775359,-27.285539],[-49.775751,-27.285649],[-49.776062,-27.285771],[-49.777444,-27.286603],[-49.777771,-27.286834],[-49.777948,-27.286918],[-49.778138,-27.286979],[-49.778335,-27.287015],[-49.778536,-27.287025],[-49.778737,-27.287009],[-49.778933,-27.286967],[-49.77912,-27.286901],[-49.780842,-27.286224],[-49.781108,-27.286144],[-49.781338,-27.2861],[-49.782557,-27.285945],[-49.782926,-27.28592],[-49.783789,-27.285878],[-49.785377,-27.285756],[-49.786402,-27.285709],[-49.787097,-27.285721],[-49.788467,-27.285895],[-49.791277,-27.286266],[-49.793451,-27.286583],[-49.794124,-27.286693],[-49.794597,-27.286756],[-49.795065,-27.286836],[-49.795953,-27.286829],[-49.796782,-27.286667],[-49.801347,-27.285027],[-49.801966,-27.284872],[-49.802356,-27.284855],[-49.803007,-27.284891],[-49.803488,-27.285017],[-49.804833,-27.285568],[-49.805309,-27.285693],[-49.805794,-27.285766],[-49.806226,-27.285766],[-49.806722,-27.285701],[-49.808746,-27.28499],[-49.811751,-27.283935],[-49.812327,-27.283818],[-49.814434,-27.283517],[-49.814969,-27.283398],[-49.816928,-27.282697],[-49.817524,-27.282378],[-49.821549,-27.279711],[-49.822347,-27.279351],[-49.822977,-27.279157],[-49.823875,-27.279026],[-49.824724,-27.278948],[-49.827749,-27.278917],[-49.834198,-27.278849],[-49.834914,-27.27882],[-49.835538,-27.278729],[-49.836,-27.278614],[-49.836703,-27.278399],[-49.837883,-27.2779],[-49.840291,-27.276881],[-49.841111,-27.276663],[-49.841601,-27.276589],[-49.842146,-27.276565],[-49.846829,-27.276634],[-49.848671,-27.276661],[-49.849638,-27.276661],[-49.851861,-27.276641],[-49.853082,-27.276566],[-49.853895,-27.276345],[-49.854313,-27.276087],[-49.854823,-27.275607],[-49.855312,-27.274906],[-49.855926,-27.274117],[-49.85656,-27.273556],[-49.858137,-27.272687],[-49.858981,-27.272186],[-49.86136,-27.270773],[-49.862989,-27.269838],[-49.864181,-27.269143],[-49.865524,-27.268415],[-49.865908,-27.268272],[-49.868453,-27.267736],[-49.872469,-27.266917],[-49.874863,-27.266492],[-49.875789,-27.266377],[-49.877357,-27.266169],[-49.879284,-27.265827],[-49.879967,-27.265706],[-49.880429,-27.265638],[-49.881941,-27.265456],[-49.883519,-27.26526],[-49.883941,-27.265233],[-49.884185,-27.265227],[-49.884897,-27.265275],[-49.885379,-27.265325],[-49.888785,-27.265714],[-49.890879,-27.265924],[-49.891524,-27.265965],[-49.892019,-27.265914],[-49.892539,-27.265817],[-49.893069,-27.265669],[-49.893636,-27.265436],[-49.894199,-27.265077],[-49.895923,-27.263771],[-49.896554,-27.263136],[-49.897792,-27.261796],[-49.898316,-27.26142],[-49.898783,-27.26118],[-49.89924,-27.261012],[-49.899882,-27.260859],[-49.903262,-27.260341],[-49.903986,-27.260258],[-49.904349,-27.260185],[-49.904655,-27.260078],[-49.90525,-27.259794],[-49.908059,-27.257903],[-49.908457,-27.257689],[-49.908796,-27.257571],[-49.909367,-27.257474],[-49.90999,-27.257498],[-49.912713,-27.258141],[-49.913299,-27.258288],[-49.913755,-27.258296],[-49.91383,-27.258267],[-49.913976,-27.258263],[-49.914144,-27.258304],[-49.914258,-27.258362],[-49.9143,-27.258408],[-49.914748,-27.258647],[-49.915796,-27.258925],[-49.917945,-27.259482],[-49.918984,-27.259739],[-49.919327,-27.259808],[-49.91955,-27.259837],[-49.919746,-27.259846],[-49.920322,-27.259839],[-49.920908,-27.259807],[-49.921126,-27.259775],[-49.922932,-27.259399],[-49.926268,-27.258714],[-49.927566,-27.258451],[-49.92861,-27.258248],[-49.930579,-27.257847],[-49.933718,-27.257208],[-49.935735,-27.256787],[-49.936199,-27.256608],[-49.936435,-27.2565],[-49.936563,-27.256464],[-49.937035,-27.256373],[-49.937146,-27.256364],[-49.937504,-27.256386],[-49.937594,-27.2564],[-49.939336,-27.256032],[-49.940344,-27.255829],[-49.943598,-27.255149],[-49.943877,-27.255111],[-49.944426,-27.255088],[-49.94521,-27.255098],[-49.945545,-27.255114],[-49.945936,-27.25512],[-49.946256,-27.255115],[-49.94657,-27.255078],[-49.946933,-27.255012],[-49.947391,-27.254885],[-49.947793,-27.254727],[-49.948378,-27.254396],[-49.948807,-27.254064],[-49.949612,-27.25334],[-49.949834,-27.253201],[-49.950116,-27.25307],[-49.950328,-27.252989],[-49.95058,-27.252927],[-49.951263,-27.252817],[-49.956396,-27.252158],[-49.957385,-27.251985],[-49.958211,-27.251751],[-49.959037,-27.251309],[-49.959216,-27.251136],[-49.959489,-27.250821],[-49.959578,-27.250733],[-49.959692,-27.25067],[-49.95982,-27.250639],[-49.960072,-27.250555],[-49.960315,-27.250444],[-49.961462,-27.249708],[-49.961797,-27.2495],[-49.962333,-27.249236],[-49.963173,-27.248993],[-49.963787,-27.24889],[-49.965646,-27.248599],[-49.967448,-27.248292],[-49.967891,-27.24823],[-49.968704,-27.248137],[-49.969424,-27.248097],[-49.970442,-27.248082],[-49.97211,-27.248024],[-49.973282,-27.24798],[-49.97656,-27.247867],[-49.978169,-27.247827],[-49.979404,-27.247819],[-49.979981,-27.247862],[-49.980412,-27.247941],[-49.98206,-27.248307],[-49.983637,-27.248665],[-49.987974,-27.249679],[-49.992353,-27.250726],[-49.996538,-27.251704],[-49.99979,-27.252453],[-50.000174,-27.252529],[-50.000515,-27.252577],[-50.001349,-27.252612],[-50.004039,-27.252636],[-50.006488,-27.252643],[-50.008943,-27.252646],[-50.011405,-27.252643],[-50.011815,-27.252636],[-50.012198,-27.252598],[-50.014666,-27.252036],[-50.016203,-27.251639],[-50.017081,-27.251436],[-50.017495,-27.251378],[-50.017894,-27.251371],[-50.018487,-27.251436],[-50.019154,-27.251537],[-50.022659,-27.252219],[-50.027066,-27.25308],[-50.02926,-27.253523],[-50.032145,-27.254075],[-50.032631,-27.254145],[-50.033393,-27.254196],[-50.034904,-27.254192],[-50.035841,-27.254146],[-50.036424,-27.25405],[-50.036631,-27.253996],[-50.038221,-27.253473],[-50.038505,-27.253397],[-50.038771,-27.253373],[-50.039023,-27.253397],[-50.039259,-27.253447],[-50.039594,-27.253576],[-50.039798,-27.253714],[-50.041523,-27.255338],[-50.041839,-27.255559],[-50.042134,-27.255691],[-50.04243,-27.255753],[-50.042741,-27.255781],[-50.044755,-27.255893],[-50.045187,-27.255936],[-50.045519,-27.256046],[-50.045839,-27.256213],[-50.046112,-27.256475],[-50.046321,-27.256811],[-50.04678,-27.257827],[-50.047019,-27.258223],[-50.047271,-27.258485],[-50.047638,-27.258697],[-50.048177,-27.258821],[-50.048966,-27.258874],[-50.04961,-27.258936],[-50.050075,-27.258998],[-50.050345,-27.25905],[-50.050634,-27.259169],[-50.051018,-27.259389],[-50.051404,-27.259756],[-50.052461,-27.260712],[-50.05292,-27.260958],[-50.053191,-27.261065],[-50.053491,-27.261132],[-50.053896,-27.261187],[-50.054296,-27.261208],[-50.054805,-27.26122],[-50.055224,-27.261253],[-50.055661,-27.261384],[-50.055959,-27.261554],[-50.056111,-27.261671],[-50.056291,-27.261842],[-50.057557,-27.263452],[-50.059094,-27.265452],[-50.059848,-27.266546],[-50.061328,-27.268551],[-50.061739,-27.26914],[-50.06191,-27.269526],[-50.062428,-27.271953],[-50.06275,-27.273389],[-50.06319,-27.275025],[-50.063399,-27.275856],[-50.06364,-27.276285],[-50.064477,-27.277489],[-50.065036,-27.27832],[-50.066093,-27.279897],[-50.066328,-27.280188],[-50.066591,-27.280403],[-50.066894,-27.280551],[-50.067295,-27.280666],[-50.068726,-27.280907],[-50.069029,-27.281017],[-50.069378,-27.281156],[-50.069697,-27.281394],[-50.069946,-27.281637],[-50.070164,-27.281942],[-50.070504,-27.282779],[-50.070689,-27.283129],[-50.070957,-27.283384],[-50.071194,-27.283523],[-50.071451,-27.283623],[-50.071803,-27.283609],[-50.072208,-27.283549],[-50.07276,-27.283373],[-50.074168,-27.282855],[-50.07434,-27.282819],[-50.074648,-27.282783],[-50.074975,-27.282765],[-50.075261,-27.282787],[-50.07556,-27.282865],[-50.077212,-27.283647],[-50.077494,-27.283904],[-50.077666,-27.284202],[-50.077754,-27.284545],[-50.077837,-27.288004],[-50.077827,-27.290633],[-50.077851,-27.291077],[-50.07788,-27.291334],[-50.078017,-27.291766],[-50.078331,-27.292345],[-50.078591,-27.292791],[-50.078685,-27.293067],[-50.078731,-27.293305],[-50.078701,-27.293556],[-50.078637,-27.293775],[-50.078446,-27.294004],[-50.076528,-27.295465],[-50.075493,-27.296252],[-50.075233,-27.296476],[-50.075112,-27.296669],[-50.075069,-27.29694],[-50.075067,-27.297169],[-50.075187,-27.297477],[-50.075737,-27.298192],[-50.075909,-27.29844],[-50.076038,-27.298733],[-50.076086,-27.299083],[-50.076081,-27.299503],[-50.07593,-27.299927],[-50.075525,-27.300504],[-50.07521,-27.300972],[-50.075135,-27.301121],[-50.075084,-27.301259],[-50.075096,-27.30145],[-50.075165,-27.301645],[-50.075293,-27.301801],[-50.075494,-27.301962],[-50.075657,-27.302061],[-50.075933,-27.302157],[-50.076186,-27.302176],[-50.077136,-27.302161],[-50.077579,-27.302263],[-50.077851,-27.302388],[-50.078081,-27.302565],[-50.078274,-27.30277],[-50.078582,-27.303162],[-50.078727,-27.303246],[-50.078865,-27.303295],[-50.079038,-27.303314],[-50.079184,-27.303304],[-50.079318,-27.303279],[-50.079423,-27.303244],[-50.079519,-27.303199],[-50.079663,-27.303102],[-50.079786,-27.302994],[-50.079913,-27.302813],[-50.079986,-27.302572],[-50.080013,-27.302186],[-50.079935,-27.301881],[-50.079626,-27.301257],[-50.079583,-27.301002],[-50.079661,-27.300771],[-50.079809,-27.300594],[-50.079983,-27.300497],[-50.080139,-27.300454],[-50.080294,-27.300449],[-50.080514,-27.300499],[-50.080681,-27.300604],[-50.081354,-27.301442],[-50.08196,-27.302248],[-50.082224,-27.30252],[-50.082518,-27.302704],[-50.082821,-27.302792],[-50.08307,-27.302823],[-50.083398,-27.302785],[-50.083717,-27.302701],[-50.084715,-27.302475],[-50.08513,-27.302475],[-50.08539,-27.302513],[-50.085723,-27.302627],[-50.086576,-27.302999],[-50.087848,-27.303455],[-50.088357,-27.303577],[-50.090255,-27.303843],[-50.09305,-27.304207],[-50.096366,-27.304604],[-50.098145,-27.304819],[-50.100517,-27.305105],[-50.103386,-27.305452],[-50.108913,-27.306118],[-50.109487,-27.306229],[-50.110078,-27.306369],[-50.110482,-27.306492],[-50.114116,-27.30793],[-50.117632,-27.309304],[-50.118076,-27.309469],[-50.118571,-27.309616],[-50.119117,-27.309731],[-50.119448,-27.309785],[-50.119903,-27.309829],[-50.123943,-27.309987],[-50.124781,-27.309997],[-50.125449,-27.30994],[-50.129568,-27.309459],[-50.130959,-27.309286],[-50.131619,-27.309127],[-50.132053,-27.308987],[-50.132485,-27.308826],[-50.132756,-27.308703],[-50.133054,-27.308555],[-50.133381,-27.308346],[-50.133713,-27.308153],[-50.133893,-27.30803],[-50.134064,-27.307901],[-50.134337,-27.307643],[-50.137708,-27.304235],[-50.146733,-27.295096],[-50.147351,-27.294453],[-50.147757,-27.293889],[-50.148924,-27.291962],[-50.149799,-27.290516],[-50.150398,-27.289571],[-50.150714,-27.289155],[-50.151055,-27.288786],[-50.151728,-27.28823],[-50.153134,-27.287309],[-50.153811,-27.286895],[-50.154469,-27.2866],[-50.15514,-27.286443],[-50.15589,-27.286426],[-50.15745,-27.286622],[-50.159788,-27.286815],[-50.160727,-27.28686],[-50.161084,-27.286896],[-50.16142,-27.286994],[-50.161706,-27.28714],[-50.162115,-27.287457],[-50.162673,-27.287861],[-50.163463,-27.288183],[-50.167449,-27.289685],[-50.167996,-27.289847],[-50.168548,-27.289919],[-50.169107,-27.289872],[-50.169611,-27.289737],[-50.170272,-27.289472],[-50.170479,-27.28941],[-50.170657,-27.28941],[-50.170894,-27.289461],[-50.171344,-27.289664],[-50.17474,-27.29146],[-50.174964,-27.291596],[-50.175228,-27.291784],[-50.175384,-27.291923],[-50.175557,-27.292112],[-50.175897,-27.292449],[-50.176143,-27.292641],[-50.176614,-27.29287],[-50.177481,-27.293195],[-50.178093,-27.29339],[-50.180464,-27.293857],[-50.182675,-27.294246],[-50.183159,-27.294313],[-50.183712,-27.294366],[-50.184543,-27.294375],[-50.185041,-27.294348],[-50.185653,-27.294247],[-50.186378,-27.294063],[-50.187083,-27.293823],[-50.189985,-27.292863],[-50.191726,-27.292287],[-50.196247,-27.290747],[-50.197219,-27.290598],[-50.197868,-27.290591],[-50.198537,-27.290624],[-50.199029,-27.290694],[-50.201892,-27.291264],[-50.207661,-27.292421],[-50.208318,-27.292625],[-50.208861,-27.292855],[-50.209402,-27.293143],[-50.209881,-27.293462],[-50.210312,-27.293803],[-50.210676,-27.294162],[-50.211003,-27.294548],[-50.211314,-27.294984],[-50.212118,-27.296404],[-50.213294,-27.298582],[-50.213701,-27.299286],[-50.214122,-27.299829],[-50.214556,-27.300288],[-50.215053,-27.300692],[-50.215565,-27.301047],[-50.216064,-27.301332],[-50.216634,-27.301594],[-50.217322,-27.301824],[-50.219102,-27.302378],[-50.220976,-27.302915],[-50.22285,-27.303453],[-50.224223,-27.303991],[-50.227912,-27.305971],[-50.232103,-27.308215],[-50.234199,-27.309337],[-50.234549,-27.309508],[-50.234923,-27.309634],[-50.23548,-27.309729],[-50.237111,-27.309634],[-50.237893,-27.309554],[-50.238333,-27.309456],[-50.238858,-27.309308],[-50.240551,-27.308744],[-50.242809,-27.307992],[-50.246195,-27.306864],[-50.250146,-27.305548],[-50.252404,-27.304796],[-50.254172,-27.304224],[-50.256529,-27.303462],[-50.257643,-27.303244],[-50.258727,-27.303112],[-50.25978,-27.30307],[-50.262159,-27.303153],[-50.26488,-27.303239],[-50.267334,-27.303247],[-50.270401,-27.303258],[-50.27125,-27.303309],[-50.27342,-27.303561],[-50.274112,-27.303612],[-50.274854,-27.303617],[-50.275586,-27.30353],[-50.27869,-27.30312],[-50.280459,-27.302897],[-50.281043,-27.302801],[-50.281668,-27.302638],[-50.28263,-27.302274],[-50.283779,-27.301798],[-50.288377,-27.299898],[-50.289211,-27.299535],[-50.289681,-27.299226],[-50.290126,-27.298828],[-50.290668,-27.298213],[-50.291015,-27.297892],[-50.291314,-27.297691],[-50.291603,-27.297561],[-50.292071,-27.297428],[-50.292709,-27.297399],[-50.294619,-27.297728],[-50.295072,-27.297826],[-50.296065,-27.298098],[-50.29658,-27.298294],[-50.297331,-27.298752],[-50.298414,-27.299515],[-50.30029,-27.300884],[-50.302635,-27.302597],[-50.305386,-27.304585],[-50.305898,-27.304977],[-50.306332,-27.305373],[-50.306614,-27.305678],[-50.307692,-27.307007],[-50.308771,-27.308336],[-50.311283,-27.311488],[-50.312156,-27.312526],[-50.312811,-27.313136],[-50.313252,-27.313466],[-50.313765,-27.313804],[-50.314078,-27.313948],[-50.314702,-27.314202],[-50.315026,-27.314301],[-50.315588,-27.314455],[-50.316127,-27.314572],[-50.316741,-27.314646],[-50.317264,-27.314663],[-50.320565,-27.314346],[-50.321402,-27.314319],[-50.322121,-27.314381],[-50.322881,-27.314525],[-50.323593,-27.314742],[-50.328486,-27.316369],[-50.331601,-27.317417],[-50.332401,-27.317714],[-50.333151,-27.31805],[-50.33566,-27.319352],[-50.336252,-27.31974],[-50.336798,-27.32017],[-50.337239,-27.320632],[-50.33756,-27.321062],[-50.337889,-27.321641],[-50.338973,-27.324368],[-50.339133,-27.324655],[-50.339304,-27.324924],[-50.339579,-27.325209],[-50.339903,-27.325457],[-50.342739,-27.327266],[-50.344049,-27.328098],[-50.344478,-27.328316],[-50.344929,-27.328475],[-50.345342,-27.328553],[-50.34854,-27.329018],[-50.348927,-27.32902],[-50.349331,-27.328959],[-50.349683,-27.328855],[-50.349987,-27.328727],[-50.351343,-27.328053],[-50.351586,-27.32794],[-50.35185,-27.327856],[-50.35298,-27.327597],[-50.355239,-27.327081],[-50.356933,-27.326694],[-50.35751,-27.326637],[-50.358097,-27.326682],[-50.36176,-27.327831],[-50.362294,-27.327955],[-50.362807,-27.328006],[-50.365195,-27.327962],[-50.36569,-27.327918],[-50.36615,-27.327813],[-50.366652,-27.327609],[-50.367073,-27.327317],[-50.367438,-27.326986],[-50.369223,-27.32486],[-50.369529,-27.324571],[-50.369939,-27.324301],[-50.370351,-27.324174],[-50.371771,-27.323875],[-50.372399,-27.323707],[-50.37292,-27.323551],[-50.37344,-27.323347],[-50.375137,-27.322638],[-50.379904,-27.320704],[-50.380466,-27.320464],[-50.380885,-27.320263],[-50.38127,-27.320003],[-50.38154,-27.319742],[-50.381813,-27.319428],[-50.38661,-27.313393],[-50.387228,-27.312625],[-50.3877,-27.312156],[-50.388222,-27.311703],[-50.391418,-27.30911],[-50.3937,-27.307257],[-50.395691,-27.305699],[-50.396148,-27.305494],[-50.396504,-27.305386],[-50.401335,-27.304244],[-50.405562,-27.303245],[-50.406152,-27.303138],[-50.406744,-27.303099],[-50.40806,-27.303106],[-50.414414,-27.303414],[-50.41529,-27.303431],[-50.416167,-27.303256],[-50.418337,-27.30254],[-50.420626,-27.301753],[-50.420899,-27.301666],[-50.421257,-27.301567],[-50.422163,-27.301365],[-50.422767,-27.301271],[-50.423364,-27.301218],[-50.424209,-27.301157],[-50.425095,-27.301227],[-50.425424,-27.301212],[-50.42557,-27.301178],[-50.425641,-27.301113],[-50.425731,-27.30107],[-50.425831,-27.301052],[-50.425913,-27.301058],[-50.425991,-27.30108],[-50.426061,-27.301119],[-50.426119,-27.301171],[-50.426161,-27.301233],[-50.426179,-27.301279],[-50.426328,-27.30136],[-50.426525,-27.301422],[-50.427562,-27.30156],[-50.428818,-27.301703],[-50.429172,-27.301724],[-50.429454,-27.301731],[-50.429791,-27.301717],[-50.430357,-27.301662],[-50.430779,-27.301586],[-50.431167,-27.301502],[-50.431747,-27.301359],[-50.432181,-27.301288],[-50.432509,-27.301257],[-50.432876,-27.301257],[-50.433233,-27.301307],[-50.433565,-27.301385],[-50.434163,-27.301586],[-50.43553,-27.302016],[-50.435935,-27.302129],[-50.436348,-27.302221],[-50.436806,-27.302305],[-50.437216,-27.302361],[-50.437956,-27.302382],[-50.438812,-27.30237],[-50.439584,-27.302298],[-50.440346,-27.30217],[-50.440727,-27.30205],[-50.441043,-27.301965],[-50.441424,-27.301831],[-50.443098,-27.301142],[-50.44361,-27.301061],[-50.443972,-27.301027],[-50.444198,-27.301064],[-50.444506,-27.301134],[-50.444829,-27.301262],[-50.44523,-27.301511],[-50.446482,-27.302383],[-50.44752,-27.303073],[-50.44796,-27.303316],[-50.448297,-27.303421],[-50.448615,-27.303503],[-50.448929,-27.303532],[-50.44927,-27.303526],[-50.449634,-27.30348],[-50.451807,-27.303173],[-50.452227,-27.303121],[-50.452642,-27.303103],[-50.45302,-27.303108],[-50.453366,-27.303166],[-50.453719,-27.303249],[-50.454122,-27.303374],[-50.458456,-27.30492],[-50.459042,-27.305063],[-50.459518,-27.305101],[-50.459983,-27.305073],[-50.460425,-27.304965],[-50.462675,-27.304276],[-50.463077,-27.304178],[-50.463592,-27.304109],[-50.465389,-27.304041],[-50.466479,-27.303964],[-50.467565,-27.303852],[-50.4684,-27.303685],[-50.469084,-27.303623],[-50.469784,-27.303665],[-50.470515,-27.303846],[-50.471243,-27.304142],[-50.471952,-27.304599],[-50.472766,-27.305252],[-50.473584,-27.305787],[-50.474436,-27.306261],[-50.47516,-27.306518],[-50.476076,-27.306735],[-50.476825,-27.306842],[-50.477438,-27.30688],[-50.478122,-27.306864],[-50.479177,-27.306719],[-50.481029,-27.306278],[-50.481498,-27.306188],[-50.482008,-27.306128],[-50.482453,-27.306116],[-50.483025,-27.306189],[-50.483359,-27.306279],[-50.485617,-27.306955],[-50.487978,-27.307658],[-50.48863,-27.307896],[-50.489207,-27.308174],[-50.491401,-27.309439],[-50.491676,-27.309575],[-50.492421,-27.309881],[-50.492852,-27.310011],[-50.493247,-27.310107],[-50.494982,-27.310333],[-50.496149,-27.310542],[-50.496934,-27.310818],[-50.497486,-27.311069],[-50.500092,-27.312692],[-50.500529,-27.31294],[-50.501023,-27.313158],[-50.503307,-27.314072],[-50.505709,-27.314977],[-50.506208,-27.315093],[-50.506634,-27.315132],[-50.507178,-27.315134],[-50.50757,-27.315115],[-50.508097,-27.315004],[-50.509166,-27.314673],[-50.509842,-27.314524],[-50.510396,-27.31446],[-50.510963,-27.314461],[-50.511583,-27.314501],[-50.51206,-27.314549],[-50.512315,-27.31451],[-50.51268,-27.314433],[-50.512878,-27.314413],[-50.513179,-27.314407],[-50.514414,-27.314421],[-50.515068,-27.314417],[-50.515408,-27.314446],[-50.515834,-27.314522],[-50.516162,-27.314545],[-50.517074,-27.314401],[-50.518997,-27.314023],[-50.519613,-27.31396],[-50.520063,-27.313975],[-50.520288,-27.31401],[-50.520629,-27.314075],[-50.521177,-27.314232],[-50.521598,-27.314405],[-50.522136,-27.314701],[-50.522583,-27.315013],[-50.523937,-27.316175],[-50.524479,-27.316446],[-50.524926,-27.31656],[-50.525458,-27.316569],[-50.525858,-27.316497],[-50.528468,-27.315519],[-50.529287,-27.315292],[-50.530131,-27.315172],[-50.531,-27.315119],[-50.532034,-27.315085],[-50.535179,-27.315165],[-50.537066,-27.315213],[-50.539668,-27.315258],[-50.544537,-27.315322],[-50.545261,-27.315281],[-50.545941,-27.315201],[-50.552526,-27.313791],[-50.554455,-27.313385],[-50.555055,-27.313289],[-50.555338,-27.313259],[-50.55701,-27.313107],[-50.560184,-27.312861],[-50.560491,-27.312811],[-50.56081,-27.312735],[-50.561124,-27.312641],[-50.561274,-27.312608],[-50.561447,-27.312605],[-50.561811,-27.312667],[-50.56205,-27.312693],[-50.562519,-27.312719],[-50.563293,-27.312734],[-50.563634,-27.312756],[-50.563913,-27.31278],[-50.564623,-27.312873],[-50.565099,-27.312964],[-50.567428,-27.313586],[-50.569437,-27.314161],[-50.570604,-27.314444],[-50.571029,-27.314516],[-50.571433,-27.31455],[-50.571923,-27.314556],[-50.572191,-27.314552],[-50.572847,-27.314527],[-50.573228,-27.314496],[-50.574147,-27.314355],[-50.574639,-27.314223],[-50.575221,-27.314021],[-50.575702,-27.313832],[-50.575932,-27.313636],[-50.576161,-27.313402],[-50.576326,-27.313261],[-50.576887,-27.312902],[-50.577372,-27.312557],[-50.578438,-27.312077],[-50.578868,-27.311908],[-50.579183,-27.311831],[-50.579365,-27.311802],[-50.579568,-27.311784],[-50.57974,-27.311783],[-50.58021,-27.311805],[-50.582109,-27.311921],[-50.584047,-27.312051],[-50.585182,-27.312116],[-50.586116,-27.312146],[-50.587493,-27.312094],[-50.589566,-27.31192],[-50.590851,-27.311866],[-50.591637,-27.311888],[-50.592486,-27.31194],[-50.594053,-27.312113],[-50.598119,-27.312508],[-50.599186,-27.312552],[-50.600426,-27.312518],[-50.601298,-27.312414],[-50.602266,-27.312265],[-50.603274,-27.312032],[-50.604221,-27.3118],[-50.604883,-27.311589],[-50.60604,-27.311132],[-50.608258,-27.310058],[-50.608977,-27.30975],[-50.609481,-27.309563],[-50.610042,-27.309382],[-50.61079,-27.30921],[-50.611406,-27.309101],[-50.612408,-27.308976],[-50.613155,-27.308934],[-50.613949,-27.308934],[-50.615521,-27.308994],[-50.619064,-27.309146],[-50.621062,-27.309115],[-50.624807,-27.30891],[-50.625933,-27.308891],[-50.627813,-27.308959],[-50.632009,-27.309424],[-50.632735,-27.309472],[-50.633814,-27.309472],[-50.635622,-27.309382],[-50.637164,-27.309206],[-50.639532,-27.308957],[-50.640415,-27.308902],[-50.641751,-27.308838],[-50.643019,-27.308819],[-50.644666,-27.308844],[-50.646257,-27.308857],[-50.646737,-27.30881],[-50.647288,-27.308708],[-50.647874,-27.308557],[-50.648384,-27.308391],[-50.650618,-27.307579],[-50.653334,-27.306603],[-50.657136,-27.305236],[-50.658088,-27.304849],[-50.658774,-27.304491],[-50.660341,-27.303562],[-50.66107,-27.303209],[-50.66176,-27.302917],[-50.66239,-27.302723],[-50.66328,-27.302492],[-50.666206,-27.301762],[-50.666676,-27.301679],[-50.667073,-27.30166],[-50.667545,-27.30167],[-50.66858,-27.301841],[-50.668897,-27.301881],[-50.669213,-27.301893],[-50.669512,-27.301878],[-50.669922,-27.301826],[-50.67248,-27.301469],[-50.67287,-27.301406],[-50.673231,-27.301283],[-50.674326,-27.300818],[-50.674546,-27.300735],[-50.675147,-27.300511],[-50.675504,-27.300429],[-50.676007,-27.3004],[-50.677365,-27.300639],[-50.677571,-27.300663],[-50.677849,-27.300642],[-50.678133,-27.300533],[-50.679449,-27.299824],[-50.679844,-27.299681],[-50.680113,-27.299642],[-50.680434,-27.29964],[-50.68103,-27.299748],[-50.682381,-27.300196],[-50.683293,-27.300113],[-50.683679,-27.299971],[-50.685653,-27.299202],[-50.686052,-27.29909],[-50.686485,-27.299007],[-50.686932,-27.298947],[-50.687512,-27.298947],[-50.687992,-27.29902],[-50.688411,-27.299109],[-50.688879,-27.299252],[-50.689303,-27.299453],[-50.692118,-27.301006],[-50.693595,-27.301655],[-50.694901,-27.302073],[-50.696239,-27.302389],[-50.697664,-27.302609],[-50.698584,-27.302694],[-50.699718,-27.302728],[-50.710436,-27.3032],[-50.712134,-27.303365],[-50.713687,-27.303638],[-50.714618,-27.303833],[-50.719825,-27.305202],[-50.721835,-27.305706],[-50.722585,-27.305947],[-50.723303,-27.306207],[-50.724413,-27.306707],[-50.725095,-27.307094],[-50.725781,-27.307532],[-50.726445,-27.307996],[-50.727197,-27.308643],[-50.727766,-27.309181],[-50.728509,-27.310053],[-50.729759,-27.311861],[-50.730024,-27.312297],[-50.730274,-27.312659],[-50.730624,-27.313047],[-50.730832,-27.313231],[-50.731115,-27.313416],[-50.731384,-27.313554],[-50.731596,-27.313643],[-50.731914,-27.313739],[-50.732502,-27.31381],[-50.73478,-27.313855],[-50.735333,-27.313839],[-50.735794,-27.313783],[-50.736215,-27.313705],[-50.736791,-27.31358],[-50.738275,-27.313152],[-50.738801,-27.313035],[-50.739517,-27.312947],[-50.740729,-27.312761],[-50.742047,-27.312412],[-50.743106,-27.311965],[-50.744396,-27.311446],[-50.744702,-27.311345],[-50.744854,-27.311312],[-50.745071,-27.311298],[-50.745311,-27.311321],[-50.745651,-27.311405],[-50.746064,-27.311581],[-50.746916,-27.311964],[-50.747331,-27.312061],[-50.747649,-27.312079],[-50.747879,-27.312079],[-50.748164,-27.312029],[-50.748451,-27.311948],[-50.74919,-27.311701],[-50.750643,-27.311279],[-50.750869,-27.311253],[-50.751295,-27.311234],[-50.751756,-27.311241],[-50.754476,-27.311684],[-50.755011,-27.311807],[-50.755511,-27.311967],[-50.755817,-27.312122],[-50.756144,-27.312351],[-50.756663,-27.31281],[-50.757544,-27.313667],[-50.758043,-27.314104],[-50.759175,-27.314834],[-50.760569,-27.315691],[-50.761968,-27.316573],[-50.763171,-27.317384],[-50.764142,-27.318009],[-50.765599,-27.318948],[-50.765958,-27.319057],[-50.766327,-27.319128],[-50.766792,-27.319165],[-50.767222,-27.319143],[-50.767476,-27.319095],[-50.767752,-27.318982],[-50.768911,-27.31838],[-50.769232,-27.318239],[-50.769725,-27.318133],[-50.77014,-27.318137],[-50.770553,-27.318199],[-50.77122,-27.318412],[-50.77209,-27.318744],[-50.773073,-27.31915],[-50.773732,-27.319514],[-50.77425,-27.319999],[-50.774918,-27.320975],[-50.777746,-27.32526],[-50.77806,-27.325601],[-50.778518,-27.32585],[-50.779081,-27.326004],[-50.779547,-27.326009],[-50.780606,-27.325801],[-50.781581,-27.325715],[-50.783259,-27.32584],[-50.784024,-27.325753],[-50.784789,-27.325527],[-50.786615,-27.324592],[-50.787394,-27.324176],[-50.787828,-27.324056],[-50.788147,-27.324012],[-50.788659,-27.324018],[-50.789174,-27.324139],[-50.789676,-27.324351],[-50.790196,-27.324635],[-50.791313,-27.325266],[-50.792228,-27.32561],[-50.795018,-27.32615],[-50.796186,-27.326553],[-50.798031,-27.32737],[-50.799456,-27.327987],[-50.800526,-27.328306],[-50.801578,-27.328509],[-50.802531,-27.3286],[-50.803383,-27.328595],[-50.804536,-27.328545],[-50.806964,-27.328216],[-50.8075,-27.32819],[-50.808157,-27.328186],[-50.808667,-27.328204],[-50.809359,-27.328272],[-50.809827,-27.328336],[-50.810105,-27.328386],[-50.811587,-27.328728],[-50.813258,-27.329147],[-50.816889,-27.330091],[-50.818253,-27.330319],[-50.819419,-27.330409],[-50.820076,-27.330408],[-50.820978,-27.33033],[-50.821802,-27.330221],[-50.822848,-27.329988],[-50.826422,-27.329038],[-50.828395,-27.328531],[-50.829105,-27.328401],[-50.830244,-27.328311],[-50.831994,-27.328251],[-50.833359,-27.328196],[-50.834356,-27.328167],[-50.834659,-27.328167],[-50.835116,-27.328234],[-50.835487,-27.328353],[-50.836081,-27.328691],[-50.837399,-27.330123],[-50.837918,-27.330602],[-50.838487,-27.330936],[-50.841553,-27.332346],[-50.844326,-27.333626],[-50.844823,-27.333822],[-50.845158,-27.333896],[-50.845571,-27.333919],[-50.846051,-27.333897],[-50.846811,-27.333788],[-50.847179,-27.333776],[-50.847521,-27.333815],[-50.847835,-27.333893],[-50.848285,-27.334061],[-50.84928,-27.334724],[-50.849682,-27.334942],[-50.850083,-27.33505],[-50.850466,-27.335088],[-50.850792,-27.335065],[-50.851242,-27.334984],[-50.853333,-27.334283],[-50.853853,-27.334149],[-50.855545,-27.333893],[-50.855925,-27.333811],[-50.856347,-27.333685],[-50.856605,-27.33359],[-50.856848,-27.333448],[-50.857951,-27.332672],[-50.858312,-27.332472],[-50.85859,-27.332364],[-50.858966,-27.332238],[-50.859367,-27.332175],[-50.859852,-27.33214],[-50.861227,-27.332125],[-50.862097,-27.332168],[-50.862789,-27.332261],[-50.864287,-27.332603],[-50.865385,-27.332845],[-50.866683,-27.333073],[-50.867649,-27.333158],[-50.870942,-27.33356],[-50.87142,-27.333636],[-50.871903,-27.333731],[-50.872527,-27.333912],[-50.873142,-27.334136],[-50.874074,-27.334594],[-50.87473,-27.334984],[-50.8753,-27.335366],[-50.87577,-27.335695],[-50.876098,-27.335861],[-50.876482,-27.335965],[-50.876924,-27.33598],[-50.877208,-27.335921],[-50.877606,-27.335792],[-50.878579,-27.335414],[-50.878836,-27.33532],[-50.879099,-27.335258],[-50.879426,-27.335212],[-50.879775,-27.335204],[-50.881151,-27.33523],[-50.88173,-27.335192],[-50.882109,-27.335115],[-50.882457,-27.334989],[-50.882739,-27.334841],[-50.883168,-27.334567],[-50.883967,-27.333981],[-50.884321,-27.333797],[-50.884606,-27.333702],[-50.884896,-27.333636],[-50.885306,-27.333607],[-50.885685,-27.333627],[-50.886033,-27.333707],[-50.886385,-27.33384],[-50.887473,-27.334382],[-50.887785,-27.33446],[-50.888106,-27.334505],[-50.888467,-27.334513],[-50.888956,-27.334455],[-50.892473,-27.333586],[-50.898596,-27.332049],[-50.899677,-27.331808],[-50.900641,-27.331674],[-50.901246,-27.33161],[-50.902453,-27.331515],[-50.902998,-27.331451],[-50.903553,-27.331363],[-50.905653,-27.330812],[-50.906299,-27.330698],[-50.906711,-27.330649],[-50.907128,-27.330645],[-50.907574,-27.330687],[-50.908239,-27.330846],[-50.910591,-27.331591],[-50.910948,-27.331677],[-50.911347,-27.331725],[-50.911676,-27.331737],[-50.911951,-27.331725],[-50.912275,-27.331689],[-50.912592,-27.331625],[-50.913042,-27.331499],[-50.915521,-27.33051],[-50.916626,-27.330166],[-50.921038,-27.329112],[-50.921848,-27.328827],[-50.922698,-27.328489],[-50.923431,-27.328179],[-50.923868,-27.328043],[-50.92433,-27.327917],[-50.925069,-27.327793],[-50.925992,-27.327755],[-50.926847,-27.327849],[-50.928213,-27.327989],[-50.928903,-27.327976],[-50.930776,-27.327759],[-50.931034,-27.327721],[-50.931233,-27.327707],[-50.931711,-27.3277],[-50.932367,-27.327806],[-50.932826,-27.32795],[-50.933256,-27.328141],[-50.933802,-27.328491],[-50.935557,-27.330095],[-50.936191,-27.330588],[-50.936777,-27.330912],[-50.937533,-27.331226],[-50.938118,-27.331394],[-50.938751,-27.331525],[-50.939586,-27.331601],[-50.941325,-27.33175],[-50.944175,-27.331927],[-50.947609,-27.332197],[-50.948418,-27.332299],[-50.949167,-27.332435],[-50.95021,-27.33273],[-50.951511,-27.333221],[-50.953559,-27.334228],[-50.954077,-27.334451],[-50.955437,-27.334968],[-50.956093,-27.335132],[-50.956642,-27.335218],[-50.957401,-27.335294],[-50.959977,-27.335481],[-50.960854,-27.335523],[-50.963137,-27.335657],[-50.964589,-27.335818],[-50.965864,-27.33602],[-50.966259,-27.336096],[-50.968468,-27.336614],[-50.970247,-27.33713],[-50.973289,-27.338025],[-50.974218,-27.338206],[-50.975113,-27.338347],[-50.976224,-27.33842],[-50.98131,-27.338253],[-50.982213,-27.338308],[-50.983129,-27.338501],[-50.98602,-27.339664],[-50.986698,-27.339848],[-50.987458,-27.33995],[-50.989791,-27.340198],[-50.990654,-27.340337],[-50.991705,-27.340554],[-50.993004,-27.341022],[-50.994045,-27.341522],[-50.997586,-27.343741],[-50.998476,-27.344119],[-51.000393,-27.344881],[-51.001378,-27.345301],[-51.002823,-27.34611],[-51.004734,-27.34723],[-51.006168,-27.348071],[-51.006592,-27.34825],[-51.007115,-27.348432],[-51.008172,-27.348715],[-51.009606,-27.348983],[-51.012784,-27.349501],[-51.01424,-27.349797],[-51.015319,-27.350104],[-51.017335,-27.35076],[-51.018978,-27.351244],[-51.020317,-27.351664],[-51.025447,-27.35333],[-51.028112,-27.354196],[-51.029503,-27.354824],[-51.030333,-27.355299],[-51.031339,-27.355987],[-51.032381,-27.356787],[-51.033259,-27.357642],[-51.034359,-27.358964],[-51.035093,-27.359909],[-51.036137,-27.361279],[-51.036861,-27.362093],[-51.037285,-27.362452],[-51.037732,-27.362699],[-51.038873,-27.363162],[-51.03938,-27.363386],[-51.039831,-27.363712],[-51.040146,-27.364048],[-51.040408,-27.364432],[-51.040585,-27.364818],[-51.040695,-27.365207],[-51.040732,-27.365765],[-51.040716,-27.366041],[-51.040659,-27.366374],[-51.040329,-27.367551],[-51.040288,-27.367816],[-51.040276,-27.368111],[-51.040332,-27.368416],[-51.040463,-27.368737],[-51.040565,-27.368918],[-51.040734,-27.369137],[-51.041033,-27.36942],[-51.041817,-27.37004],[-51.043981,-27.371717],[-51.04452,-27.372059],[-51.044947,-27.372261],[-51.045463,-27.37242],[-51.046143,-27.372518],[-51.047219,-27.372595],[-51.049272,-27.372699],[-51.050107,-27.372722],[-51.0509,-27.37278],[-51.05176,-27.372885],[-51.052098,-27.372943],[-51.052594,-27.373053],[-51.054367,-27.373514],[-51.055086,-27.373672],[-51.055798,-27.373779],[-51.056843,-27.373864],[-51.057564,-27.373896],[-51.058138,-27.373975],[-51.058679,-27.374119],[-51.059498,-27.374489],[-51.06055,-27.375008],[-51.060958,-27.375186],[-51.061367,-27.375293],[-51.061708,-27.375336],[-51.062207,-27.37532],[-51.062816,-27.375199],[-51.063489,-27.375047],[-51.066041,-27.374506],[-51.066872,-27.374302],[-51.067379,-27.374203],[-51.067976,-27.37411],[-51.06829,-27.374072],[-51.06873,-27.374037],[-51.069392,-27.374009],[-51.070011,-27.374027],[-51.070434,-27.374056],[-51.070777,-27.374095],[-51.071999,-27.37435],[-51.077532,-27.375747],[-51.077979,-27.375837],[-51.078749,-27.375944],[-51.079678,-27.375988],[-51.080617,-27.375962],[-51.082305,-27.375734],[-51.083427,-27.375564],[-51.084523,-27.375388],[-51.085432,-27.375298],[-51.086298,-27.37526],[-51.087364,-27.375337],[-51.088269,-27.375479],[-51.089234,-27.3757],[-51.089752,-27.375855],[-51.090204,-27.376028],[-51.09118,-27.376446],[-51.092193,-27.377002],[-51.092834,-27.377363],[-51.09492,-27.378552],[-51.098973,-27.380809],[-51.100848,-27.381892],[-51.103047,-27.383112],[-51.104857,-27.383962],[-51.106777,-27.384663],[-51.111211,-27.386233],[-51.116579,-27.388136],[-51.118146,-27.388683],[-51.119647,-27.389223],[-51.120948,-27.389618],[-51.122084,-27.389871],[-51.12343,-27.390129],[-51.125849,-27.390585],[-51.129475,-27.391315],[-51.133102,-27.392045],[-51.140361,-27.393356],[-51.141564,-27.393584],[-51.14278,-27.393825],[-51.145044,-27.394245],[-51.145862,-27.394332],[-51.146662,-27.394323],[-51.147459,-27.394261],[-51.148254,-27.39411],[-51.15384,-27.392744],[-51.154783,-27.392519],[-51.155831,-27.392309],[-51.157551,-27.392132],[-51.161893,-27.391724],[-51.162398,-27.391704],[-51.1629,-27.391716],[-51.163895,-27.391858],[-51.164341,-27.39197],[-51.164876,-27.39215],[-51.167531,-27.393286],[-51.168001,-27.393467],[-51.168479,-27.393604],[-51.168995,-27.393724],[-51.169528,-27.39381],[-51.169961,-27.393842],[-51.17043,-27.393866],[-51.170878,-27.393851],[-51.171317,-27.393811],[-51.171976,-27.393692],[-51.172645,-27.393496],[-51.173844,-27.393074],[-51.174947,-27.392675],[-51.175726,-27.392476],[-51.176453,-27.392383],[-51.177031,-27.392349],[-51.177723,-27.392353],[-51.178372,-27.392413],[-51.178916,-27.392518],[-51.179356,-27.392627],[-51.180319,-27.392934],[-51.182449,-27.393631],[-51.183985,-27.394152],[-51.184447,-27.394295],[-51.184916,-27.39441],[-51.185598,-27.39452],[-51.186203,-27.394572],[-51.186649,-27.394579],[-51.187097,-27.394541],[-51.187419,-27.394498],[-51.188902,-27.394189],[-51.190542,-27.393827],[-51.191707,-27.39355],[-51.191911,-27.393552],[-51.192016,-27.393562],[-51.192107,-27.393582],[-51.192277,-27.393679],[-51.192399,-27.39379],[-51.192695,-27.394349],[-51.192804,-27.394635],[-51.194001,-27.396969],[-51.194097,-27.397171],[-51.194709,-27.398351],[-51.194958,-27.398703],[-51.195238,-27.398978],[-51.195543,-27.399175],[-51.195914,-27.399337],[-51.19648,-27.399491],[-51.198987,-27.400068],[-51.199985,-27.400314],[-51.200811,-27.400597],[-51.201464,-27.400904],[-51.20218,-27.40131],[-51.202716,-27.401698],[-51.203199,-27.402108],[-51.204802,-27.403766],[-51.205258,-27.404132],[-51.206662,-27.405213],[-51.207103,-27.405605],[-51.208585,-27.407097],[-51.208864,-27.407336],[-51.209195,-27.407549],[-51.209503,-27.407689],[-51.209895,-27.407811],[-51.210951,-27.407977],[-51.213145,-27.408242],[-51.214135,-27.408192],[-51.215394,-27.408359],[-51.215707,-27.408421],[-51.216424,-27.408668],[-51.219947,-27.409088],[-51.223387,-27.409539],[-51.22393,-27.409617],[-51.224569,-27.409763],[-51.227803,-27.410737],[-51.230066,-27.41155],[-51.230744,-27.411836],[-51.231024,-27.411946],[-51.231864,-27.412302],[-51.232428,-27.412606],[-51.232998,-27.412983],[-51.233452,-27.413336],[-51.23384,-27.413677],[-51.234186,-27.414035],[-51.234531,-27.414462],[-51.234916,-27.415011],[-51.237571,-27.419929],[-51.23829,-27.421065],[-51.239015,-27.421911],[-51.239822,-27.422883],[-51.240511,-27.423905],[-51.241307,-27.42551],[-51.242201,-27.427454],[-51.243318,-27.429884],[-51.243725,-27.430918],[-51.243993,-27.431876],[-51.244112,-27.432725],[-51.244185,-27.433409],[-51.244231,-27.440138],[-51.244295,-27.440802],[-51.244435,-27.441611],[-51.244629,-27.442441],[-51.24489,-27.443189],[-51.245272,-27.444046],[-51.24568,-27.444715],[-51.246575,-27.445972],[-51.247438,-27.447076],[-51.247963,-27.447709],[-51.24824,-27.448066],[-51.252056,-27.452707],[-51.255444,-27.456737],[-51.256489,-27.457902],[-51.25776,-27.459154],[-51.258227,-27.459573],[-51.259234,-27.460453],[-51.260337,-27.461321],[-51.261744,-27.462292],[-51.263356,-27.463276],[-51.265156,-27.464219],[-51.266413,-27.464822],[-51.268002,-27.465472],[-51.269705,-27.466026],[-51.271114,-27.466431],[-51.272714,-27.466836],[-51.274094,-27.467135],[-51.275274,-27.467406],[-51.275808,-27.467512],[-51.276418,-27.467613],[-51.277299,-27.467703],[-51.279568,-27.467834],[-51.285993,-27.468139],[-51.287426,-27.468272],[-51.288796,-27.468469],[-51.289782,-27.468651],[-51.290943,-27.468931],[-51.292215,-27.469269],[-51.293347,-27.469633],[-51.295073,-27.470311],[-51.303275,-27.47377],[-51.303987,-27.474078],[-51.304556,-27.474339],[-51.305415,-27.474793],[-51.306323,-27.475332],[-51.307191,-27.475941],[-51.307954,-27.476512],[-51.3087,-27.477146],[-51.309551,-27.477976],[-51.310173,-27.478633],[-51.31374,-27.483078],[-51.314281,-27.483728],[-51.314777,-27.484223],[-51.315241,-27.48461],[-51.315624,-27.484913],[-51.316125,-27.485229],[-51.316911,-27.48569],[-51.317493,-27.485966],[-51.320671,-27.487175],[-51.328232,-27.489971],[-51.331633,-27.491298],[-51.332925,-27.491973],[-51.334186,-27.492684],[-51.335858,-27.493778],[-51.337128,-27.494791],[-51.33824,-27.495791],[-51.339414,-27.497],[-51.340599,-27.498415],[-51.341656,-27.499947],[-51.342522,-27.501407],[-51.344733,-27.505905],[-51.349995,-27.516607],[-51.351908,-27.520536],[-51.352581,-27.521732],[-51.353235,-27.522638],[-51.354054,-27.523552],[-51.355036,-27.524427],[-51.356041,-27.525134],[-51.357117,-27.525732],[-51.358037,-27.526152],[-51.358697,-27.526401],[-51.359552,-27.526671],[-51.360275,-27.526849],[-51.360453,-27.526886],[-51.360861,-27.526954],[-51.361946,-27.527093],[-51.362932,-27.527137],[-51.366616,-27.527056],[-51.369648,-27.526994],[-51.372654,-27.526936],[-51.375176,-27.527015],[-51.376645,-27.52714],[-51.378268,-27.527416],[-51.379119,-27.527581],[-51.379964,-27.527784],[-51.382169,-27.528366],[-51.383254,-27.528701],[-51.385289,-27.529266],[-51.38738,-27.529858],[-51.38793,-27.52994],[-51.38812,-27.529947],[-51.388285,-27.529907],[-51.388386,-27.529856],[-51.388589,-27.529724],[-51.388962,-27.529335],[-51.389318,-27.529051],[-51.389752,-27.528814],[-51.390215,-27.528645],[-51.391249,-27.528418],[-51.391607,-27.528299],[-51.391904,-27.528153],[-51.392235,-27.527935],[-51.392535,-27.52769],[-51.392822,-27.527377],[-51.393025,-27.527066],[-51.393466,-27.526042],[-51.393679,-27.525627],[-51.39392,-27.525273],[-51.397418,-27.520541],[-51.397785,-27.519845],[-51.398099,-27.519126],[-51.398552,-27.517994],[-51.398757,-27.517502],[-51.399986,-27.514548],[-51.400872,-27.512451],[-51.401448,-27.510954],[-51.401607,-27.510291],[-51.401682,-27.509476],[-51.401675,-27.508581],[-51.401599,-27.506255],[-51.401612,-27.505531],[-51.40166,-27.504974],[-51.401786,-27.504528],[-51.402089,-27.503961],[-51.402475,-27.503407],[-51.402667,-27.503114],[-51.402824,-27.502595],[-51.402862,-27.502219],[-51.402835,-27.501772],[-51.402785,-27.501264],[-51.402794,-27.500884],[-51.402844,-27.500584],[-51.402911,-27.500327],[-51.403008,-27.500093],[-51.403307,-27.499616],[-51.403497,-27.499405],[-51.403782,-27.499148],[-51.406762,-27.497144],[-51.407029,-27.496902],[-51.407291,-27.496616],[-51.407728,-27.496093],[-51.408547,-27.495047],[-51.408901,-27.494573],[-51.409316,-27.494065],[-51.409633,-27.493735],[-51.410026,-27.493411],[-51.410528,-27.493096],[-51.412209,-27.492215],[-51.412591,-27.491949],[-51.413026,-27.4915],[-51.413446,-27.490975],[-51.41373,-27.490475],[-51.413945,-27.489999],[-51.414208,-27.489562],[-51.414342,-27.489362],[-51.414562,-27.489105],[-51.414846,-27.488829],[-51.41527,-27.48851],[-51.41591,-27.488095],[-51.418982,-27.486501],[-51.419264,-27.486334],[-51.419521,-27.486123],[-51.420273,-27.485355],[-51.420622,-27.485134],[-51.420888,-27.484994],[-51.42122,-27.484866],[-51.422029,-27.484598],[-51.422549,-27.484584],[-51.423097,-27.484603],[-51.423692,-27.484712],[-51.424304,-27.484912],[-51.424862,-27.485041],[-51.425317,-27.485131],[-51.425752,-27.485126],[-51.42617,-27.48506],[-51.426895,-27.484874],[-51.42742,-27.484769],[-51.427753,-27.484765],[-51.428241,-27.484855],[-51.429161,-27.484984],[-51.42963,-27.485019],[-51.430092,-27.48491],[-51.430331,-27.484836],[-51.430655,-27.484677],[-51.431159,-27.484301],[-51.431511,-27.484003],[-51.431827,-27.483789],[-51.432562,-27.483506],[-51.432997,-27.483425],[-51.433391,-27.483406],[-51.433973,-27.483423],[-51.434732,-27.483415],[-51.435193,-27.483351],[-51.435866,-27.483144],[-51.43643,-27.482821],[-51.438143,-27.481485],[-51.439281,-27.480547],[-51.440349,-27.47978],[-51.441333,-27.47933],[-51.442086,-27.478859],[-51.442964,-27.478029],[-51.443371,-27.477683],[-51.443919,-27.477338],[-51.444519,-27.477062],[-51.44684,-27.47607],[-51.447233,-27.475822],[-51.447664,-27.475476],[-51.448469,-27.474754],[-51.449205,-27.474223],[-51.449573,-27.47403],[-51.450123,-27.473818],[-51.450758,-27.47368],[-51.451818,-27.473559],[-51.45236,-27.47344],[-51.45274,-27.473295],[-51.453094,-27.473095],[-51.453459,-27.47279],[-51.454003,-27.472296],[-51.454457,-27.472],[-51.454854,-27.471772],[-51.455347,-27.471586],[-51.455809,-27.471496],[-51.456249,-27.471448],[-51.456691,-27.471446],[-51.456796,-27.471453],[-51.457289,-27.471551],[-51.457721,-27.471667],[-51.458711,-27.472157],[-51.459424,-27.472574],[-51.460108,-27.472874],[-51.460532,-27.472995],[-51.4612,-27.473097],[-51.463145,-27.473157],[-51.463617,-27.473269],[-51.464057,-27.473426],[-51.464443,-27.473583],[-51.464837,-27.473783],[-51.465253,-27.473966],[-51.4655,-27.474061],[-51.465763,-27.474149],[-51.466207,-27.474208],[-51.466773,-27.474193],[-51.467042,-27.474145],[-51.467428,-27.474049],[-51.467809,-27.473892],[-51.468973,-27.473214],[-51.469284,-27.473085],[-51.469756,-27.472914],[-51.4718,-27.472253],[-51.472605,-27.47201],[-51.473297,-27.471741],[-51.473629,-27.471541],[-51.473863,-27.47137],[-51.474128,-27.471139],[-51.474394,-27.470872],[-51.474686,-27.470446],[-51.475429,-27.46929],[-51.475652,-27.469047],[-51.475928,-27.468785],[-51.476215,-27.468566],[-51.476861,-27.46819],[-51.47769,-27.467764],[-51.4782,-27.467443],[-51.478583,-27.467107],[-51.478828,-27.466786],[-51.479015,-27.46641],[-51.479136,-27.466087],[-51.479225,-27.465763],[-51.479431,-27.463952],[-51.47964,-27.462],[-51.47978,-27.461334],[-51.480037,-27.460725],[-51.48034,-27.460303],[-51.480689,-27.459951],[-51.482272,-27.458735],[-51.482687,-27.458352],[-51.483001,-27.458002],[-51.483277,-27.457597],[-51.483508,-27.457216],[-51.484125,-27.456155],[-51.484793,-27.455039],[-51.485386,-27.454082],[-51.485715,-27.453489],[-51.486078,-27.453111],[-51.486499,-27.452711],[-51.48688,-27.452442],[-51.491187,-27.449888],[-51.494288,-27.447953],[-51.494685,-27.447562],[-51.495039,-27.447151],[-51.495532,-27.446365],[-51.49601,-27.445663],[-51.496375,-27.445277],[-51.496904,-27.444852],[-51.497502,-27.444568],[-51.499485,-27.444011],[-51.502051,-27.443224],[-51.502769,-27.442972],[-51.503525,-27.442558],[-51.503981,-27.442182],[-51.504309,-27.441835],[-51.505613,-27.439785],[-51.505879,-27.439527],[-51.50606,-27.439368],[-51.506503,-27.439146],[-51.50705,-27.43891],[-51.507562,-27.438838],[-51.509204,-27.438703],[-51.509525,-27.438634],[-51.509743,-27.438548],[-51.511652,-27.437622],[-51.512082,-27.437479],[-51.512725,-27.437336],[-51.513366,-27.437343],[-51.514077,-27.437413],[-51.515369,-27.43778],[-51.515711,-27.437909],[-51.516812,-27.438205],[-51.517253,-27.438241],[-51.517661,-27.438241],[-51.518283,-27.438155],[-51.518825,-27.437894],[-51.519776,-27.437353],[-51.520831,-27.436789],[-51.521388,-27.436561],[-51.521979,-27.436401],[-51.52229,-27.43634],[-51.522594,-27.436302],[-51.524508,-27.436285],[-51.532563,-27.436546],[-51.533232,-27.436629],[-51.533508,-27.436671],[-51.533829,-27.436737],[-51.534623,-27.436956],[-51.535161,-27.437073],[-51.535721,-27.437164],[-51.536254,-27.437189],[-51.536767,-27.437177],[-51.53729,-27.437115],[-51.537799,-27.437019],[-51.539752,-27.43646],[-51.542325,-27.435681],[-51.542726,-27.435511],[-51.543165,-27.435274],[-51.543548,-27.435042],[-51.544445,-27.434317],[-51.5448,-27.434147],[-51.545276,-27.433981],[-51.545757,-27.433878],[-51.546182,-27.433878],[-51.546584,-27.433915],[-51.54708,-27.43401],[-51.547393,-27.434029],[-51.547707,-27.434022],[-51.548019,-27.433991],[-51.548182,-27.433945],[-51.548759,-27.433728],[-51.549011,-27.433534],[-51.549167,-27.433354],[-51.549311,-27.433165],[-51.54946,-27.432904],[-51.549554,-27.432688],[-51.549759,-27.432144],[-51.549953,-27.431735],[-51.550534,-27.431109],[-51.552234,-27.429823],[-51.552655,-27.429398],[-51.552934,-27.428941],[-51.553166,-27.428293],[-51.553219,-27.4276],[-51.553206,-27.426597],[-51.553231,-27.425794],[-51.553291,-27.42524],[-51.553532,-27.424588],[-51.554625,-27.422864],[-51.554812,-27.422535],[-51.554945,-27.422259],[-51.555062,-27.421845],[-51.555107,-27.42159],[-51.555124,-27.421336],[-51.555027,-27.420003],[-51.555082,-27.419639],[-51.555153,-27.419402],[-51.555257,-27.419173],[-51.55543,-27.418898],[-51.555655,-27.418637],[-51.555906,-27.418421],[-51.556705,-27.417954],[-51.557119,-27.417677],[-51.557463,-27.417373],[-51.557733,-27.417068],[-51.557918,-27.416809],[-51.558083,-27.416507],[-51.558248,-27.416107],[-51.55853,-27.41535],[-51.558664,-27.415041],[-51.558849,-27.414714],[-51.55902,-27.41448],[-51.559215,-27.414251],[-51.559561,-27.413942],[-51.559921,-27.413685],[-51.560326,-27.413477],[-51.560683,-27.413342],[-51.561202,-27.41319],[-51.564164,-27.412393],[-51.564804,-27.412213],[-51.565329,-27.412027],[-51.565649,-27.411857],[-51.565864,-27.411724],[-51.566186,-27.411465],[-51.5664,-27.411247],[-51.566634,-27.410954],[-51.567149,-27.410172],[-51.567418,-27.409812],[-51.56762,-27.409578],[-51.567877,-27.409325],[-51.568126,-27.409121],[-51.56851,-27.408842],[-51.568888,-27.408627],[-51.569511,-27.408342],[-51.57023,-27.408066],[-51.570233,-27.408535],[-51.570282,-27.408845],[-51.570403,-27.409289],[-51.570673,-27.409986],[-51.570761,-27.410191],[-51.570806,-27.410699],[-51.570809,-27.411092],[-51.570742,-27.41149],[-51.57065,-27.413304],[-51.57062,-27.413482],[-51.570547,-27.413737],[-51.570354,-27.414281],[-51.570315,-27.414479],[-51.570286,-27.414771],[-51.570264,-27.415781],[-51.570284,-27.415963],[-51.570629,-27.417202],[-51.570762,-27.417861],[-51.570813,-27.418021],[-51.570878,-27.418146],[-51.571038,-27.418303],[-51.571872,-27.418791],[-51.572502,-27.419119],[-51.572658,-27.41922],[-51.572797,-27.419339],[-51.572895,-27.419477],[-51.573007,-27.419692],[-51.573099,-27.419819],[-51.573237,-27.419974],[-51.573753,-27.420432],[-51.574521,-27.421192],[-51.574727,-27.421365],[-51.574817,-27.421424],[-51.575082,-27.421529],[-51.575301,-27.421651],[-51.575376,-27.421699],[-51.575517,-27.42182],[-51.57565,-27.421966],[-51.575718,-27.422109],[-51.57575,-27.422281],[-51.575793,-27.422413],[-51.575982,-27.422692],[-51.576336,-27.423293],[-51.576504,-27.423616],[-51.576651,-27.423855],[-51.57671,-27.42391],[-51.576789,-27.423943],[-51.576889,-27.423949],[-51.578739,-27.423888],[-51.579769,-27.423863],[-51.581072,-27.423763],[-51.581435,-27.423782],[-51.581736,-27.423827],[-51.582155,-27.423848],[-51.582608,-27.423851],[-51.583355,-27.423817],[-51.58423,-27.423756],[-51.584696,-27.423756],[-51.584891,-27.423765],[-51.585298,-27.423798],[-51.585547,-27.423837],[-51.586286,-27.423987],[-51.587075,-27.424184],[-51.587524,-27.424272],[-51.587798,-27.424309],[-51.588519,-27.42435],[-51.588767,-27.424356],[-51.589093,-27.424388],[-51.590903,-27.42471],[-51.591538,-27.424808],[-51.591982,-27.424896],[-51.592805,-27.425072],[-51.593513,-27.425209],[-51.594195,-27.425393],[-51.59442,-27.425421],[-51.594674,-27.42543],[-51.594871,-27.425425],[-51.595121,-27.425395],[-51.595454,-27.425296],[-51.596272,-27.425023],[-51.596677,-27.424928],[-51.597146,-27.424847],[-51.597845,-27.424683],[-51.598162,-27.424629],[-51.598687,-27.424582],[-51.599733,-27.424533],[-51.599855,-27.424536],[-51.600323,-27.424614],[-51.600517,-27.424626],[-51.600657,-27.424608],[-51.601087,-27.424655],[-51.60131,-27.424693],[-51.601976,-27.424877],[-51.603042,-27.425191],[-51.603208,-27.425251],[-51.603355,-27.425348],[-51.603761,-27.425703],[-51.603872,-27.425776],[-51.60399,-27.425833],[-51.604372,-27.425913],[-51.604498,-27.425917],[-51.604588,-27.42589],[-51.605101,-27.425624],[-51.605191,-27.425586],[-51.605902,-27.425473],[-51.606624,-27.425342],[-51.607103,-27.425274],[-51.607284,-27.425262],[-51.607424,-27.425268],[-51.60755,-27.425297],[-51.608063,-27.42549],[-51.608576,-27.425594],[-51.608841,-27.425655],[-51.609015,-27.425712],[-51.609189,-27.425805],[-51.609406,-27.425958],[-51.609924,-27.4264],[-51.610106,-27.426537],[-51.610237,-27.426617],[-51.610491,-27.426739],[-51.611007,-27.42703],[-51.611437,-27.427234],[-51.611901,-27.427436],[-51.612251,-27.427571],[-51.612384,-27.427614],[-51.612493,-27.427637],[-51.612654,-27.427652],[-51.612793,-27.427655],[-51.613136,-27.427621],[-51.613516,-27.427595],[-51.613626,-27.427601],[-51.614099,-27.427662],[-51.614364,-27.427736],[-51.614768,-27.427895],[-51.61553,-27.428228],[-51.615641,-27.428266],[-51.616431,-27.428534],[-51.617087,-27.428704],[-51.618446,-27.42921],[-51.618904,-27.429353],[-51.619476,-27.429543],[-51.62016,-27.429803],[-51.620552,-27.429933],[-51.620975,-27.430068],[-51.621871,-27.430292],[-51.622252,-27.430354],[-51.622502,-27.43037],[-51.622812,-27.430343],[-51.623135,-27.430294],[-51.623543,-27.430283],[-51.62397,-27.43031],[-51.624281,-27.430368],[-51.625512,-27.430777],[-51.626114,-27.430959],[-51.626378,-27.431063],[-51.62681,-27.431257],[-51.626908,-27.431284],[-51.627004,-27.431291],[-51.627137,-27.431274],[-51.627896,-27.431222],[-51.628115,-27.431218],[-51.628391,-27.431191],[-51.628615,-27.431183],[-51.628944,-27.431208],[-51.62968,-27.431336],[-51.62992,-27.431353],[-51.63016,-27.431295],[-51.630382,-27.431224],[-51.631014,-27.431109],[-51.632416,-27.430932],[-51.632653,-27.430921],[-51.632902,-27.430951],[-51.633491,-27.430964],[-51.633811,-27.430956],[-51.634135,-27.430915],[-51.634283,-27.430915],[-51.634437,-27.430962],[-51.634563,-27.431063],[-51.634736,-27.431123],[-51.634954,-27.431145],[-51.635306,-27.431101],[-51.63557,-27.430653],[-51.635974,-27.430388],[-51.636199,-27.430213],[-51.636362,-27.430152],[-51.637092,-27.430005],[-51.637428,-27.429901],[-51.637567,-27.429813],[-51.637721,-27.429608],[-51.637921,-27.42943],[-51.638144,-27.429308],[-51.638254,-27.429255],[-51.638679,-27.429247],[-51.63934,-27.429046],[-51.639514,-27.429004],[-51.641438,-27.428929],[-51.642164,-27.429933],[-51.643093,-27.431334],[-51.64317,-27.431486],[-51.643229,-27.431719],[-51.643221,-27.432058],[-51.643241,-27.432318],[-51.643295,-27.432477],[-51.643388,-27.432609],[-51.643482,-27.432711],[-51.64366,-27.432826],[-51.643833,-27.432902],[-51.64542,-27.433517],[-51.646045,-27.433782],[-51.64637,-27.433911],[-51.646778,-27.434135],[-51.647159,-27.434382],[-51.647587,-27.434744],[-51.648275,-27.435282],[-51.648419,-27.435378],[-51.648779,-27.435549],[-51.648961,-27.435573],[-51.649203,-27.435568],[-51.649417,-27.435535],[-51.650565,-27.435197],[-51.650737,-27.435163],[-51.650962,-27.435139],[-51.651182,-27.435144],[-51.651536,-27.435173],[-51.651778,-27.435201],[-51.653568,-27.435524],[-51.653994,-27.435581],[-51.656742,-27.435687],[-51.657027,-27.435708],[-51.657206,-27.43573],[-51.657418,-27.435805],[-51.657631,-27.435899],[-51.658502,-27.436418],[-51.658696,-27.436493],[-51.658995,-27.436551],[-51.65927,-27.436556],[-51.659501,-27.436524],[-51.659669,-27.436483],[-51.660952,-27.436106],[-51.662263,-27.435693],[-51.663368,-27.435456],[-51.66409,-27.435347],[-51.664574,-27.4353],[-51.665169,-27.435288],[-51.66545,-27.435262],[-51.665692,-27.435206],[-51.665875,-27.435106],[-51.666109,-27.434922],[-51.666447,-27.434612],[-51.667062,-27.434087],[-51.667539,-27.43378],[-51.66811,-27.433481],[-51.668724,-27.43324],[-51.669921,-27.432854],[-51.671045,-27.432388],[-51.672135,-27.431787],[-51.674278,-27.430585],[-51.675119,-27.430189],[-51.676372,-27.429662],[-51.676675,-27.429545],[-51.676949,-27.429477],[-51.677126,-27.429464],[-51.677332,-27.429485],[-51.677507,-27.429518],[-51.677746,-27.429615],[-51.679002,-27.430375],[-51.67921,-27.43053],[-51.679406,-27.430782],[-51.680045,-27.432023],[-51.680342,-27.432395],[-51.68109,-27.433187],[-51.681418,-27.433416],[-51.681815,-27.43355],[-51.681976,-27.433579],[-51.682285,-27.43359],[-51.682379,-27.433582],[-51.682533,-27.433555],[-51.682877,-27.433444],[-51.683907,-27.433087],[-51.684055,-27.43301],[-51.684177,-27.43293],[-51.68431,-27.432817],[-51.684892,-27.432222],[-51.684998,-27.432167],[-51.685257,-27.432079],[-51.685535,-27.432054],[-51.685713,-27.43206],[-51.686114,-27.432138],[-51.686417,-27.432212],[-51.686786,-27.432317],[-51.687255,-27.432456],[-51.688658,-27.432916],[-51.688858,-27.432991],[-51.689016,-27.433089],[-51.689282,-27.433327],[-51.690411,-27.434272],[-51.690733,-27.43448],[-51.690976,-27.434576],[-51.691246,-27.434669],[-51.691452,-27.434725],[-51.692744,-27.434919],[-51.694732,-27.435202],[-51.694788,-27.435257],[-51.694842,-27.435353],[-51.694863,-27.435426],[-51.694867,-27.435497],[-51.694896,-27.435602],[-51.694942,-27.435694],[-51.695798,-27.436052],[-51.696804,-27.436413],[-51.697316,-27.436567],[-51.697819,-27.436758],[-51.698265,-27.437038],[-51.698712,-27.437452],[-51.699347,-27.437969],[-51.69954,-27.438088],[-51.702958,-27.439238],[-51.703412,-27.439431],[-51.703846,-27.439676],[-51.705359,-27.440897],[-51.706943,-27.4419],[-51.707757,-27.442434],[-51.708301,-27.442748],[-51.708568,-27.442818],[-51.708859,-27.442858],[-51.709126,-27.442839],[-51.709404,-27.442762],[-51.709689,-27.442629],[-51.710694,-27.441992],[-51.711126,-27.441792],[-51.711504,-27.441661],[-51.711769,-27.441604],[-51.712027,-27.441557],[-51.7124,-27.441526],[-51.714264,-27.441711],[-51.717246,-27.442109],[-51.71969,-27.442468],[-51.720562,-27.442637],[-51.72127,-27.442861],[-51.721897,-27.443106],[-51.723714,-27.444018],[-51.724711,-27.444486],[-51.725448,-27.44477],[-51.726121,-27.444987],[-51.726596,-27.445072],[-51.727077,-27.445121],[-51.727452,-27.445121],[-51.727881,-27.445055],[-51.730954,-27.444228],[-51.734316,-27.443327],[-51.734605,-27.443284],[-51.734869,-27.443296],[-51.735223,-27.443387],[-51.736261,-27.443859],[-51.737552,-27.444339],[-51.738152,-27.444497],[-51.740568,-27.444948],[-51.741445,-27.445118],[-51.742006,-27.445194],[-51.74254,-27.445203],[-51.743162,-27.445142],[-51.74413,-27.444942],[-51.745667,-27.444566],[-51.74589,-27.44453],[-51.746088,-27.444543],[-51.746362,-27.444618],[-51.746915,-27.444903],[-51.749751,-27.446217],[-51.75009,-27.446332],[-51.750388,-27.446373],[-51.750673,-27.446379],[-51.751341,-27.446311],[-51.752687,-27.446149],[-51.752964,-27.446163],[-51.753147,-27.446191],[-51.753448,-27.446301],[-51.753694,-27.446404],[-51.753978,-27.446588],[-51.754003,-27.446615],[-51.754189,-27.446945],[-51.754599,-27.447867],[-51.755227,-27.449112],[-51.755382,-27.449334],[-51.755432,-27.44938],[-51.755597,-27.449486],[-51.755873,-27.449579],[-51.756122,-27.449587],[-51.75634,-27.449553],[-51.756414,-27.44952],[-51.756616,-27.44938],[-51.756685,-27.449319],[-51.757835,-27.448132],[-51.75802,-27.448024],[-51.7582,-27.447977],[-51.758942,-27.447983],[-51.759102,-27.447947],[-51.759296,-27.447863],[-51.759503,-27.44771],[-51.760359,-27.446976],[-51.760493,-27.446902],[-51.760563,-27.446872],[-51.760804,-27.446836],[-51.761074,-27.44683],[-51.762269,-27.446956],[-51.764123,-27.447239],[-51.764382,-27.447323],[-51.764604,-27.447458],[-51.764692,-27.44755],[-51.764807,-27.447741],[-51.765245,-27.448361],[-51.765569,-27.448869],[-51.765705,-27.44911],[-51.76588,-27.44939],[-51.76603,-27.44955],[-51.766194,-27.44964],[-51.766414,-27.449712],[-51.767385,-27.449862],[-51.767822,-27.449978],[-51.768444,-27.450259],[-51.769322,-27.450672],[-51.770368,-27.45133],[-51.770657,-27.451559],[-51.771054,-27.451968],[-51.772009,-27.453109],[-51.772369,-27.453491],[-51.774289,-27.455258],[-51.774402,-27.455373],[-51.774542,-27.455498],[-51.774717,-27.455618],[-51.775019,-27.455743],[-51.775501,-27.455917],[-51.775888,-27.456124],[-51.776504,-27.456578],[-51.776907,-27.456995],[-51.777046,-27.457221],[-51.777317,-27.457757],[-51.777821,-27.45884],[-51.777939,-27.459218],[-51.777998,-27.459527],[-51.778084,-27.460889],[-51.778052,-27.462022],[-51.778079,-27.4623],[-51.778205,-27.462581],[-51.778433,-27.462814],[-51.77864,-27.462956],[-51.778922,-27.463064],[-51.77926,-27.463109],[-51.780323,-27.463204],[-51.78075,-27.463278],[-51.781507,-27.46355],[-51.782207,-27.463868],[-51.783003,-27.464209],[-51.783309,-27.464413],[-51.783505,-27.464663],[-51.783655,-27.46502],[-51.784087,-27.468443],[-51.784387,-27.470972],[-51.784461,-27.471219],[-51.784584,-27.471442],[-51.784702,-27.471574],[-51.784968,-27.471758],[-51.785428,-27.472025],[-51.786268,-27.472445],[-51.786509,-27.472533],[-51.786769,-27.472576],[-51.787303,-27.472552],[-51.787547,-27.472555],[-51.78777,-27.472633],[-51.788692,-27.473119],[-51.789025,-27.473231],[-51.789484,-27.473319],[-51.790229,-27.473369],[-51.790573,-27.47344],[-51.790994,-27.47364],[-51.791815,-27.473928],[-51.792195,-27.47404],[-51.792592,-27.474083],[-51.794199,-27.473978],[-51.794483,-27.473751],[-51.794675,-27.473684],[-51.794856,-27.473642],[-51.795039,-27.47359],[-51.795402,-27.473415],[-51.795523,-27.473376],[-51.795955,-27.473313],[-51.796121,-27.473271],[-51.796227,-27.473219],[-51.796317,-27.473156],[-51.797002,-27.472568],[-51.797233,-27.472466],[-51.797883,-27.472218],[-51.798314,-27.472074],[-51.798496,-27.472086],[-51.799183,-27.472259],[-51.79947,-27.472306],[-51.79963,-27.47232],[-51.800947,-27.472275],[-51.801249,-27.472256],[-51.801716,-27.472161],[-51.802035,-27.472073],[-51.802342,-27.472],[-51.803038,-27.471917],[-51.803553,-27.47189],[-51.803929,-27.471902],[-51.804898,-27.472029],[-51.80545,-27.47201],[-51.805601,-27.472062],[-51.806305,-27.472474],[-51.807906,-27.473296],[-51.808227,-27.473409],[-51.809522,-27.473701],[-51.809781,-27.473744],[-51.810512,-27.473766],[-51.811419,-27.473804],[-51.811947,-27.473962],[-51.812292,-27.47412],[-51.8132,-27.474692],[-51.813393,-27.474772],[-51.813575,-27.474775],[-51.813787,-27.474731],[-51.814227,-27.474588],[-51.814444,-27.474493],[-51.814668,-27.474337],[-51.814896,-27.474146],[-51.81521,-27.473922],[-51.815466,-27.473691],[-51.815663,-27.473583],[-51.815975,-27.473473],[-51.816205,-27.473433],[-51.816413,-27.473446],[-51.816563,-27.473497],[-51.816786,-27.473515],[-51.81705,-27.473504],[-51.817345,-27.473473],[-51.817591,-27.47339],[-51.817883,-27.473268],[-51.818525,-27.472927],[-51.818741,-27.47282],[-51.818905,-27.472718],[-51.819216,-27.472605],[-51.819819,-27.472449],[-51.820105,-27.472356],[-51.820328,-27.472336],[-51.820541,-27.472307],[-51.820724,-27.472262],[-51.820868,-27.472215],[-51.820992,-27.472153],[-51.821512,-27.471986],[-51.823003,-27.471541],[-51.823341,-27.471479],[-51.823655,-27.471453],[-51.823993,-27.471439],[-51.824318,-27.471401],[-51.824949,-27.471283],[-51.826592,-27.470932],[-51.82682,-27.470913],[-51.827096,-27.470913],[-51.828451,-27.470979],[-51.829451,-27.470953],[-51.830036,-27.470915],[-51.830497,-27.47082],[-51.831082,-27.470651],[-51.831809,-27.470456],[-51.832284,-27.470368],[-51.832729,-27.470354],[-51.832949,-27.470365],[-51.833458,-27.470411],[-51.83377,-27.470401],[-51.834113,-27.470349],[-51.834531,-27.470308],[-51.83492,-27.470335],[-51.835132,-27.47038],[-51.835545,-27.470534],[-51.835779,-27.470563],[-51.836618,-27.470603],[-51.837098,-27.47067],[-51.837334,-27.470672],[-51.837924,-27.470592],[-51.839716,-27.470473],[-51.841256,-27.470296],[-51.842079,-27.470108],[-51.842302,-27.470032],[-51.842463,-27.469963],[-51.843943,-27.469183],[-51.844375,-27.469002],[-51.844777,-27.468854],[-51.845931,-27.468526],[-51.846307,-27.46845],[-51.846577,-27.468421],[-51.846993,-27.468402],[-51.847299,-27.468333],[-51.848243,-27.468036],[-51.848511,-27.467964],[-51.849002,-27.467793],[-51.850204,-27.467207],[-51.85045,-27.467053],[-51.8507,-27.466927],[-51.850955,-27.466834],[-51.851309,-27.466777],[-51.851553,-27.466746],[-51.851869,-27.46676],[-51.852194,-27.466824],[-51.852856,-27.466874],[-51.853103,-27.466874],[-51.853259,-27.466865],[-51.854004,-27.466751],[-51.855734,-27.466429],[-51.85674,-27.466077],[-51.857378,-27.465825],[-51.85913,-27.465013],[-51.859409,-27.464949],[-51.860412,-27.464755],[-51.860898,-27.465104],[-51.861363,-27.465499],[-51.86158,-27.465634],[-51.861767,-27.465787],[-51.861839,-27.465896],[-51.861874,-27.466023],[-51.862039,-27.466376],[-51.862159,-27.46653],[-51.8623,-27.466635],[-51.86242,-27.466705],[-51.862975,-27.466959],[-51.863478,-27.467228],[-51.863617,-27.467354],[-51.864274,-27.468468],[-51.864375,-27.468588],[-51.864555,-27.468729],[-51.865059,-27.469086],[-51.865322,-27.469229],[-51.865721,-27.469489],[-51.866191,-27.469815],[-51.866419,-27.469994],[-51.866517,-27.470113],[-51.867053,-27.471006],[-51.867174,-27.471186],[-51.867472,-27.471455],[-51.867651,-27.471591],[-51.867866,-27.471705],[-51.868477,-27.47196],[-51.86911,-27.47231],[-51.869494,-27.472412],[-51.869805,-27.472522],[-51.870004,-27.472581],[-51.870568,-27.472798],[-51.87109,-27.473033],[-51.871315,-27.473145],[-51.871825,-27.473319],[-51.873933,-27.472657],[-51.874555,-27.472512],[-51.874842,-27.472467],[-51.875025,-27.472469],[-51.875376,-27.472533],[-51.875862,-27.472488],[-51.87606,-27.472455],[-51.876154,-27.472403],[-51.876283,-27.472298],[-51.876328,-27.472191],[-51.876344,-27.471877],[-51.876406,-27.471624],[-51.876492,-27.471491],[-51.876733,-27.47131],[-51.877283,-27.470925],[-51.877522,-27.470649],[-51.878056,-27.469961],[-51.878367,-27.46963],[-51.878603,-27.469347],[-51.87874,-27.469226],[-51.878949,-27.469088],[-51.879225,-27.468888],[-51.879472,-27.468731],[-51.879904,-27.468531],[-51.880907,-27.468278],[-51.88132,-27.468188],[-51.881578,-27.468155],[-51.882111,-27.468119],[-51.882578,-27.468026],[-51.882814,-27.468],[-51.883098,-27.467995],[-51.883232,-27.468128],[-51.8835,-27.468326],[-51.884292,-27.468769],[-51.88452,-27.468952],[-51.884665,-27.469057],[-51.884777,-27.469107],[-51.884952,-27.469166],[-51.88534,-27.469264],[-51.885579,-27.469387],[-51.885673,-27.469466],[-51.885794,-27.469644],[-51.885872,-27.470037],[-51.885885,-27.470199],[-51.885858,-27.470453],[-51.885872,-27.470658],[-51.885942,-27.470694],[-51.886022,-27.470687],[-51.886116,-27.470615],[-51.886309,-27.470361],[-51.886494,-27.470187],[-51.886639,-27.469994],[-51.886789,-27.46988],[-51.887395,-27.469663],[-51.887628,-27.469516],[-51.887926,-27.469295],[-51.888117,-27.469197],[-51.888895,-27.468926],[-51.88927,-27.468854],[-51.889427,-27.468801],[-51.889879,-27.468456],[-51.89008,-27.468352],[-51.890229,-27.46834],[-51.890823,-27.468397],[-51.890977,-27.468349],[-51.891256,-27.468137],[-51.891453,-27.468088],[-51.89166,-27.468046],[-51.892312,-27.468096],[-51.89245,-27.468064],[-51.89254,-27.468026],[-51.892916,-27.467767],[-51.893073,-27.467688],[-51.893293,-27.467636],[-51.8937,-27.467557],[-51.894007,-27.46747],[-51.894771,-27.46708],[-51.895916,-27.466584],[-51.896527,-27.466252],[-51.897448,-27.465728],[-51.897686,-27.465512],[-51.897777,-27.465453],[-51.897932,-27.465424],[-51.902616,-27.465186],[-51.902824,-27.465169],[-51.902897,-27.465106],[-51.903027,-27.465042],[-51.90314,-27.465105],[-51.903209,-27.465128],[-51.903315,-27.465146],[-51.903606,-27.464609],[-51.903991,-27.464264],[-51.904501,-27.46403],[-51.904862,-27.463876],[-51.904827,-27.463974],[-51.904872,-27.464228],[-51.905009,-27.465296],[-51.904862,-27.465613],[-51.904518,-27.46731],[-51.904508,-27.467652],[-51.904575,-27.468164],[-51.904585,-27.468602],[-51.904558,-27.469457],[-51.904553,-27.470354],[-51.904652,-27.471082],[-51.90465,-27.471234],[-51.904464,-27.472074],[-51.904413,-27.472488],[-51.904434,-27.472933],[-51.905039,-27.47551],[-51.905124,-27.476036],[-51.905253,-27.476555],[-51.905395,-27.47721],[-51.905441,-27.477512],[-51.905519,-27.477902],[-51.905688,-27.478169],[-51.906884,-27.47976],[-51.906983,-27.479998],[-51.90704,-27.480412],[-51.907015,-27.480731],[-51.906871,-27.481091],[-51.906632,-27.481512],[-51.906428,-27.481833],[-51.906358,-27.482071],[-51.906382,-27.48229],[-51.906468,-27.48249],[-51.906608,-27.482637],[-51.906723,-27.482711],[-51.907097,-27.482892],[-51.907627,-27.48318],[-51.908021,-27.483511],[-51.908327,-27.483898],[-51.90915,-27.485531],[-51.909113,-27.485769],[-51.909086,-27.486119],[-51.909091,-27.486597],[-51.909132,-27.486859],[-51.909244,-27.487068],[-51.909389,-27.487225],[-51.909928,-27.487506],[-51.912668,-27.488649],[-51.913005,-27.489081],[-51.913117,-27.489476],[-51.913396,-27.49126],[-51.913441,-27.491454],[-51.913885,-27.49438],[-51.914064,-27.495603],[-51.914048,-27.496045],[-51.913911,-27.496626],[-51.91363,-27.497399],[-51.913624,-27.497675],[-51.91373,-27.497983],[-51.913906,-27.498176],[-51.914256,-27.498359],[-51.915416,-27.498891],[-51.915802,-27.499171],[-51.916336,-27.499676],[-51.916926,-27.500304],[-51.917304,-27.500625],[-51.917771,-27.500894],[-51.918415,-27.501177],[-51.919037,-27.501386],[-51.919667,-27.501677],[-51.919962,-27.501834],[-51.920263,-27.502036],[-51.920523,-27.502243],[-51.921381,-27.503068],[-51.921705,-27.503516],[-51.921928,-27.503946],[-51.922046,-27.504339],[-51.922138,-27.50544],[-51.922285,-27.507089],[-51.922481,-27.508916],[-51.922639,-27.509554],[-51.922867,-27.51002],[-51.923262,-27.510536],[-51.924664,-27.511868],[-51.925,-27.512258],[-51.925284,-27.512691],[-51.925598,-27.513255],[-51.925969,-27.51387],[-51.926233,-27.514169],[-51.926534,-27.514383],[-51.926853,-27.514545],[-51.928873,-27.515337],[-51.930026,-27.515743],[-51.930343,-27.515822],[-51.931142,-27.515912],[-51.932263,-27.516104],[-51.932553,-27.516192],[-51.932716,-27.516275],[-51.933023,-27.516481],[-51.933237,-27.516636],[-51.933364,-27.516823],[-51.935832,-27.521607],[-51.93597,-27.521946],[-51.936009,-27.522281],[-51.936009,-27.522567],[-51.935951,-27.522818],[-51.935687,-27.523408],[-51.93531,-27.524189],[-51.935115,-27.524488],[-51.934998,-27.524622],[-51.93485,-27.524759],[-51.933895,-27.525405],[-51.931571,-27.526778],[-51.931344,-27.526961],[-51.931229,-27.527086],[-51.931132,-27.527276],[-51.931057,-27.527514],[-51.931048,-27.527756],[-51.931225,-27.528191],[-51.9317,-27.529113],[-51.932022,-27.529756],[-51.932247,-27.530111],[-51.93248,-27.530353],[-51.932746,-27.530536],[-51.933477,-27.530878],[-51.933905,-27.531055],[-51.934237,-27.531143],[-51.934656,-27.531193],[-51.93502,-27.531193],[-51.935235,-27.531178],[-51.93675,-27.530941],[-51.93734,-27.530948],[-51.937724,-27.530983],[-51.938183,-27.531105],[-51.938588,-27.531269],[-51.938896,-27.531442],[-51.939333,-27.531773],[-51.940536,-27.532921],[-51.941541,-27.53383],[-51.941852,-27.534235],[-51.942136,-27.53466],[-51.942421,-27.535241],[-51.942512,-27.53554],[-51.942592,-27.536009],[-51.942815,-27.537103],[-51.942978,-27.53785],[-51.943287,-27.539484],[-51.943539,-27.540641],[-51.94364,-27.540937],[-51.943852,-27.541231],[-51.944092,-27.541464],[-51.944285,-27.541604],[-51.945069,-27.542072],[-51.945258,-27.5422],[-51.947002,-27.543275],[-51.947981,-27.543867],[-51.948264,-27.54409],[-51.94858,-27.544381],[-51.948705,-27.54454],[-51.94891,-27.544861],[-51.949079,-27.545264],[-51.949477,-27.546433],[-51.949697,-27.547222],[-51.949705,-27.547667],[-51.949565,-27.54818],[-51.949322,-27.54891],[-51.949201,-27.549136],[-51.94887,-27.549609],[-51.948732,-27.549853],[-51.948637,-27.55008],[-51.948587,-27.550302],[-51.948592,-27.550503],[-51.948638,-27.550703],[-51.949113,-27.55156],[-51.949535,-27.552235],[-51.950218,-27.553278],[-51.950632,-27.553759],[-51.95152,-27.554608],[-51.952221,-27.555354],[-51.952725,-27.555991],[-51.953713,-27.557564],[-51.954142,-27.558038],[-51.955209,-27.558752],[-51.956467,-27.559517],[-51.956634,-27.559559],[-51.956958,-27.559562],[-51.958169,-27.559326],[-51.958665,-27.559273],[-51.95884,-27.559299],[-51.959065,-27.559404],[-51.95958,-27.559864],[-51.959812,-27.560125],[-51.959897,-27.560399],[-51.959882,-27.560653],[-51.959758,-27.56125],[-51.959758,-27.561566],[-51.959795,-27.561715],[-51.959874,-27.56184],[-51.960075,-27.562081],[-51.960896,-27.562794],[-51.961036,-27.562896],[-51.961171,-27.562948],[-51.961825,-27.563028],[-51.962191,-27.563112],[-51.962413,-27.563234],[-51.962512,-27.563382],[-51.962564,-27.563567],[-51.962536,-27.563792],[-51.962416,-27.564002],[-51.960598,-27.565504],[-51.960373,-27.565756],[-51.960289,-27.56593],[-51.960224,-27.566175],[-51.960261,-27.566507],[-51.960722,-27.567924],[-51.961093,-27.568891],[-51.96115,-27.569015],[-51.961275,-27.569187],[-51.961701,-27.569697],[-51.962005,-27.570275],[-51.962116,-27.570427],[-51.962338,-27.570684],[-51.96299,-27.5713],[-51.963314,-27.571509],[-51.963563,-27.57159],[-51.964908,-27.571697],[-51.965363,-27.571757],[-51.965911,-27.571906],[-51.966267,-27.572059],[-51.967693,-27.572821],[-51.968111,-27.573028],[-51.970674,-27.573995],[-51.97081,-27.574068],[-51.970949,-27.574178],[-51.971091,-27.574361],[-51.971172,-27.574532],[-51.971348,-27.575285],[-51.971406,-27.575645],[-51.971546,-27.576033],[-51.972603,-27.578346],[-51.972815,-27.578776],[-51.973007,-27.579082],[-51.973322,-27.579437],[-51.973537,-27.579634],[-51.974102,-27.580059],[-51.975273,-27.580866],[-51.978065,-27.582664],[-51.97848,-27.582874],[-51.978715,-27.582961],[-51.979029,-27.583015],[-51.97943,-27.582993],[-51.979782,-27.582887],[-51.980981,-27.582222],[-51.981342,-27.582033],[-51.981543,-27.581944],[-51.981722,-27.581875],[-51.982723,-27.581541],[-51.983124,-27.581465],[-51.983668,-27.581493],[-51.985137,-27.58162],[-51.986075,-27.581687],[-51.986438,-27.581699],[-51.986799,-27.58168],[-51.987287,-27.581606],[-51.987983,-27.581455],[-51.988353,-27.581421],[-51.988602,-27.581451],[-51.988774,-27.581507],[-51.988911,-27.581577],[-51.989079,-27.581714],[-51.989255,-27.581954],[-51.990019,-27.5841],[-51.990241,-27.584475],[-51.990422,-27.584659],[-51.990696,-27.584877],[-51.990926,-27.584997],[-51.991486,-27.585221],[-51.992265,-27.585504],[-51.992658,-27.585552],[-51.992963,-27.585538],[-51.993251,-27.585487],[-51.993459,-27.585425],[-51.994384,-27.585044],[-51.995164,-27.584702],[-51.995339,-27.584596],[-51.995473,-27.584481],[-51.995594,-27.584321],[-51.995695,-27.584109],[-51.995929,-27.583217],[-51.996027,-27.582995],[-51.996098,-27.582873],[-51.996206,-27.582733],[-51.996364,-27.582562],[-51.996481,-27.582455],[-51.997132,-27.581988],[-51.997329,-27.58181],[-51.997443,-27.581672],[-51.997807,-27.581172],[-51.997995,-27.580959],[-51.998149,-27.580826],[-51.998285,-27.580723],[-51.998493,-27.580619],[-51.998721,-27.580522],[-51.999053,-27.580437],[-51.999503,-27.580345],[-52.000067,-27.580212],[-52.000265,-27.580182],[-52.000561,-27.580162],[-52.000773,-27.580201],[-52.000919,-27.580258],[-52.001062,-27.580336],[-52.001191,-27.580438],[-52.001292,-27.580558],[-52.001806,-27.581243],[-52.001928,-27.581383],[-52.002043,-27.581466],[-52.002157,-27.58152],[-52.002355,-27.581548],[-52.0033,-27.581539],[-52.003607,-27.581579],[-52.003831,-27.581675],[-52.004479,-27.582065],[-52.004681,-27.582216],[-52.004786,-27.582314],[-52.004968,-27.582536],[-52.005176,-27.582898],[-52.005268,-27.583183],[-52.005294,-27.583528],[-52.005265,-27.583868],[-52.005184,-27.584215],[-52.004991,-27.584975],[-52.005003,-27.585085],[-52.005061,-27.585225],[-52.005212,-27.585349],[-52.005377,-27.585404],[-52.005572,-27.585382],[-52.00575,-27.585239],[-52.006124,-27.584704],[-52.006524,-27.584008],[-52.00676,-27.583452],[-52.007015,-27.582928],[-52.007295,-27.582525],[-52.007703,-27.582016],[-52.008141,-27.58141],[-52.008387,-27.581089],[-52.008882,-27.580474],[-52.009095,-27.58029],[-52.009438,-27.5801],[-52.009822,-27.579938],[-52.010433,-27.579769],[-52.011166,-27.579527],[-52.011597,-27.579311],[-52.011766,-27.579205],[-52.012094,-27.578961],[-52.012418,-27.578505],[-52.012633,-27.578135],[-52.012739,-27.577876],[-52.01276,-27.577601],[-52.012719,-27.577249],[-52.012574,-27.576651],[-52.012555,-27.576521],[-52.012556,-27.57633],[-52.012587,-27.576147],[-52.012672,-27.575903],[-52.012841,-27.575599],[-52.013081,-27.575359],[-52.013518,-27.575133],[-52.013786,-27.575047],[-52.014146,-27.574993],[-52.014573,-27.57495],[-52.015002,-27.574818],[-52.015303,-27.574759],[-52.016003,-27.574684],[-52.0165,-27.574682],[-52.016737,-27.574622],[-52.016832,-27.574553],[-52.016971,-27.574435],[-52.017789,-27.573419],[-52.017967,-27.573218],[-52.018129,-27.573074],[-52.018689,-27.572484],[-52.018896,-27.572463],[-52.019585,-27.572346],[-52.019927,-27.572272],[-52.0205,-27.572165],[-52.02096,-27.572066],[-52.02101,-27.57204],[-52.021194,-27.571998],[-52.021213,-27.572057],[-52.021312,-27.57252],[-52.021463,-27.573091],[-52.021756,-27.573345],[-52.02232,-27.573739],[-52.023838,-27.574741],[-52.025168,-27.575522],[-52.025485,-27.575757],[-52.026016,-27.57673],[-52.026551,-27.577775],[-52.026698,-27.577999],[-52.026874,-27.578248],[-52.027244,-27.578657],[-52.027343,-27.578746],[-52.027495,-27.578859],[-52.027642,-27.57894],[-52.028018,-27.579099],[-52.028152,-27.57918],[-52.028286,-27.579283],[-52.028486,-27.579496],[-52.02873,-27.579843],[-52.029096,-27.580539],[-52.029194,-27.580712],[-52.029303,-27.580875],[-52.029455,-27.581013],[-52.029629,-27.581148],[-52.030253,-27.581533],[-52.030907,-27.581997],[-52.031251,-27.582269],[-52.031503,-27.582536],[-52.031674,-27.582772],[-52.032017,-27.583305],[-52.032203,-27.583645],[-52.032276,-27.583817],[-52.032368,-27.584106],[-52.032454,-27.584779],[-52.032501,-27.585027],[-52.032536,-27.585141],[-52.03263,-27.585336],[-52.033333,-27.586365],[-52.03364,-27.586683],[-52.033897,-27.586873],[-52.034011,-27.586948],[-52.034096,-27.587043],[-52.034191,-27.587238],[-52.034298,-27.5875],[-52.034491,-27.587881],[-52.034634,-27.588092],[-52.03473,-27.588186],[-52.035221,-27.588581],[-52.035507,-27.588835],[-52.035951,-27.589162],[-52.03618,-27.589365],[-52.036302,-27.589483],[-52.03649,-27.589792],[-52.036633,-27.590076],[-52.037225,-27.591101],[-52.037532,-27.591594],[-52.037718,-27.591838],[-52.038193,-27.592335],[-52.038456,-27.592535],[-52.03869,-27.592677],[-52.039065,-27.592843],[-52.039867,-27.593092],[-52.041454,-27.593534],[-52.042011,-27.593706],[-52.0433,-27.594043],[-52.043899,-27.594007],[-52.044228,-27.593927],[-52.044393,-27.593832],[-52.044598,-27.593672],[-52.045132,-27.592798],[-52.045535,-27.592332],[-52.045766,-27.592188],[-52.045995,-27.592092],[-52.046391,-27.59201],[-52.046662,-27.592011],[-52.04697,-27.592064],[-52.048226,-27.59237],[-52.048569,-27.592403],[-52.049704,-27.592419],[-52.050832,-27.592502],[-52.052059,-27.59277],[-52.052952,-27.593111],[-52.054003,-27.593584],[-52.056042,-27.594476],[-52.056664,-27.594662],[-52.057112,-27.594703],[-52.058804,-27.594606],[-52.059317,-27.594599],[-52.063329,-27.594969],[-52.064196,-27.594998],[-52.065014,-27.594943],[-52.066966,-27.593928],[-52.068471,-27.592959],[-52.070453,-27.59158],[-52.070834,-27.591266],[-52.071358,-27.590677],[-52.071987,-27.590066],[-52.0728,-27.58955],[-52.073521,-27.589207],[-52.075591,-27.588411],[-52.076129,-27.588339],[-52.076951,-27.588442],[-52.082292,-27.589259],[-52.084003,-27.589411],[-52.084331,-27.589425],[-52.084592,-27.589453],[-52.085119,-27.589534],[-52.08602,-27.589717],[-52.08623,-27.58974],[-52.086421,-27.589718],[-52.086581,-27.589672],[-52.086746,-27.589585],[-52.08687,-27.589503],[-52.087016,-27.589331],[-52.087111,-27.589181],[-52.087393,-27.588253],[-52.087497,-27.588025],[-52.087641,-27.587763],[-52.087863,-27.58749],[-52.088063,-27.58736],[-52.088923,-27.587076],[-52.090172,-27.586727],[-52.090494,-27.587212],[-52.090642,-27.587418],[-52.090774,-27.587653],[-52.090839,-27.587738],[-52.091128,-27.587923],[-52.092969,-27.588722],[-52.093463,-27.588923],[-52.093585,-27.588953],[-52.093704,-27.588949],[-52.094561,-27.588692],[-52.09522,-27.588508],[-52.095828,-27.588379],[-52.095903,-27.588356],[-52.095948,-27.588327],[-52.096255,-27.587894],[-52.096565,-27.58737],[-52.096616,-27.58735],[-52.097442,-27.58716],[-52.097911,-27.587103],[-52.098387,-27.587094],[-52.098502,-27.587107],[-52.098545,-27.587121],[-52.098673,-27.587195],[-52.098726,-27.587236],[-52.098821,-27.587341],[-52.098886,-27.587511],[-52.0991,-27.587887],[-52.099448,-27.588285],[-52.099601,-27.58843],[-52.099814,-27.588586],[-52.100126,-27.588713],[-52.100439,-27.588801],[-52.101634,-27.589047],[-52.103156,-27.589178],[-52.103606,-27.589239],[-52.104048,-27.589375],[-52.10523,-27.590015],[-52.105558,-27.590151],[-52.108094,-27.591116],[-52.109041,-27.591473],[-52.110123,-27.591782],[-52.111155,-27.592022],[-52.111853,-27.592117],[-52.116415,-27.592574],[-52.1167,-27.592562],[-52.117341,-27.59245],[-52.118945,-27.591834],[-52.121989,-27.590607],[-52.123073,-27.590142],[-52.124156,-27.589678],[-52.126913,-27.588326],[-52.13249,-27.58559],[-52.134987,-27.584315],[-52.135174,-27.584244],[-52.137082,-27.583409],[-52.137769,-27.583188],[-52.137975,-27.58315],[-52.138941,-27.583093],[-52.141796,-27.583239],[-52.14278,-27.583327],[-52.143366,-27.583447],[-52.143833,-27.583568],[-52.144399,-27.583778],[-52.144906,-27.584042],[-52.148429,-27.586419],[-52.149321,-27.586792],[-52.150176,-27.586923],[-52.151006,-27.586856],[-52.153698,-27.586088],[-52.154141,-27.586017],[-52.154554,-27.586018],[-52.154913,-27.586072],[-52.155341,-27.586279],[-52.155637,-27.586546],[-52.156223,-27.587302],[-52.156631,-27.587766],[-52.157067,-27.588104],[-52.157603,-27.588333],[-52.158149,-27.588507],[-52.15884,-27.588575],[-52.161768,-27.588534],[-52.165283,-27.588485],[-52.165894,-27.588516],[-52.166012,-27.588532],[-52.166275,-27.588623],[-52.166932,-27.588886],[-52.167359,-27.589169],[-52.169014,-27.590612],[-52.171406,-27.592711],[-52.172348,-27.593489],[-52.173209,-27.594057],[-52.173981,-27.594437],[-52.175695,-27.595055],[-52.180764,-27.596841],[-52.184144,-27.598032],[-52.187523,-27.599222],[-52.191145,-27.600438],[-52.194043,-27.601245],[-52.197623,-27.602235],[-52.202766,-27.603665],[-52.20735,-27.60491],[-52.208885,-27.605345],[-52.21248,-27.606221],[-52.212798,-27.606316],[-52.21312,-27.606469],[-52.213485,-27.606715],[-52.213887,-27.606999],[-52.215499,-27.608093],[-52.216591,-27.608773],[-52.217594,-27.609438],[-52.219702,-27.610743],[-52.220638,-27.611356],[-52.221907,-27.612126],[-52.224338,-27.613664],[-52.22905,-27.616585],[-52.22922,-27.616696],[-52.229787,-27.616937],[-52.229933,-27.61699],[-52.230237,-27.617182],[-52.230676,-27.617571],[-52.23094,-27.617788],[-52.232808,-27.618954],[-52.236002,-27.620918],[-52.237051,-27.621583],[-52.237328,-27.621655],[-52.237505,-27.62169],[-52.237589,-27.621687],[-52.237669,-27.621708],[-52.237739,-27.621749],[-52.23779,-27.621808],[-52.23788,-27.621986],[-52.238025,-27.62218],[-52.239671,-27.623174],[-52.240254,-27.623426],[-52.240419,-27.623509],[-52.240491,-27.623555],[-52.240824,-27.623825],[-52.241038,-27.624013],[-52.242428,-27.624826],[-52.243212,-27.625304],[-52.243685,-27.625567],[-52.244135,-27.625835],[-52.244199,-27.625882],[-52.244243,-27.625897],[-52.244279,-27.625926],[-52.244417,-27.626006],[-52.244632,-27.626174],[-52.245958,-27.626968],[-52.246089,-27.627003],[-52.246228,-27.627053],[-52.246258,-27.627043],[-52.246307,-27.627047],[-52.246347,-27.627073],[-52.246361,-27.627094],[-52.246648,-27.62736],[-52.247672,-27.627946],[-52.247856,-27.628058],[-52.248042,-27.628155],[-52.249289,-27.62885],[-52.249762,-27.629038],[-52.249799,-27.629031],[-52.249845,-27.629049],[-52.249865,-27.629068],[-52.249878,-27.629109],[-52.249875,-27.629126],[-52.250183,-27.629339],[-52.251006,-27.629883],[-52.251745,-27.630421],[-52.252886,-27.631241],[-52.254436,-27.632387],[-52.256359,-27.633793],[-52.257058,-27.634294],[-52.257495,-27.634622],[-52.257852,-27.634911],[-52.259045,-27.635324],[-52.261379,-27.636178],[-52.262787,-27.636735],[-52.263604,-27.637029],[-52.264775,-27.637473],[-52.26567,-27.637795],[-52.265854,-27.637869],[-52.265894,-27.637827],[-52.265978,-27.637792],[-52.26607,-27.637772],[-52.266109,-27.63778],[-52.266129,-27.637834],[-52.267122,-27.637443],[-52.267433,-27.637334],[-52.267427,-27.637296],[-52.267435,-27.637261],[-52.267455,-27.637235],[-52.267709,-27.637196],[-52.267787,-27.637166],[-52.267895,-27.637138],[-52.267941,-27.637145],[-52.268106,-27.637058],[-52.26899,-27.636716],[-52.269142,-27.636669],[-52.269161,-27.636648],[-52.269285,-27.636581],[-52.269368,-27.636506],[-52.269419,-27.636477],[-52.269488,-27.636481],[-52.269503,-27.636497],[-52.269511,-27.636521],[-52.270569,-27.636098],[-52.270682,-27.636044],[-52.27071,-27.636007],[-52.270756,-27.635974],[-52.27087,-27.635959],[-52.270982,-27.635916],[-52.27103,-27.635881],[-52.271106,-27.635854],[-52.271162,-27.635863],[-52.271191,-27.635896],[-52.271392,-27.635839],[-52.27165,-27.635735],[-52.272853,-27.635302],[-52.272863,-27.63526],[-52.272936,-27.635216],[-52.273054,-27.635223],[-52.273196,-27.635189],[-52.273283,-27.635136],[-52.273455,-27.63497],[-52.273529,-27.634822],[-52.273728,-27.634662],[-52.273852,-27.634634],[-52.273979,-27.634628],[-52.274069,-27.634677],[-52.274148,-27.6348],[-52.274119,-27.634989],[-52.27406,-27.635133]]}', -26.9046787, -48.6552979, -27.6350709, -52.2738654, NULL, 0, 58.60, 398.56, 112.54, NULL);

-- --------------------------------------------------------

--
-- Estrutura para tabela `event_files`
--

CREATE TABLE `event_files` (
  `id` int(11) NOT NULL,
  `event_id` int(11) NOT NULL,
  `user_id` int(11) NOT NULL,
  `filename` varchar(255) NOT NULL,
  `original_name` varchar(255) NOT NULL,
  `file_path` varchar(500) NOT NULL,
  `file_size` int(11) NOT NULL,
  `file_type` varchar(100) NOT NULL,
  `uploaded_at` datetime NOT NULL
) ENGINE=InnoDB DEFAULT CHARSET=utf8mb4 COLLATE=utf8mb4_unicode_ci;

-- --------------------------------------------------------

--
-- Estrutura para tabela `event_photos`
--

CREATE TABLE `event_photos` (
  `id` int(11) NOT NULL,
  `event_id` int(11) NOT NULL,
  `user_id` int(11) NOT NULL,
  `photo_path` varchar(500) NOT NULL,
  `photo_thumbnail` varchar(500) DEFAULT NULL,
  `description` varchar(500) DEFAULT NULL,
  `created_at` datetime NOT NULL,
  `drive_file_id` varchar(100) DEFAULT NULL COMMENT 'ID do arquivo no Google Drive',
  `drive_view_url` varchar(500) DEFAULT NULL COMMENT 'URL de visualização no Drive',
  `drive_thumb_url` varchar(500) DEFAULT NULL COMMENT 'URL de thumbnail'
) ENGINE=InnoDB DEFAULT CHARSET=utf8mb4 COLLATE=utf8mb4_unicode_ci;

--
-- Despejando dados para a tabela `event_photos`
--

INSERT INTO `event_photos` (`id`, `event_id`, `user_id`, `photo_path`, `photo_thumbnail`, `description`, `created_at`, `drive_file_id`, `drive_view_url`, `drive_thumb_url`) VALUES
(1, 1, 21, 'https://drive.google.com/file/d/1k82tikCn987zlkDc5WbTG1jBDRzvM_2n/view', NULL, NULL, '2026-04-14 01:08:19', '1k82tikCn987zlkDc5WbTG1jBDRzvM_2n', 'https://drive.google.com/thumbnail?id=1k82tikCn987zlkDc5WbTG1jBDRzvM_2n&sz=w1200', 'https://drive.google.com/thumbnail?id=1k82tikCn987zlkDc5WbTG1jBDRzvM_2n&sz=w400');

-- --------------------------------------------------------

--
-- Estrutura para tabela `evolution_config`
--

CREATE TABLE `evolution_config` (
  `id` int(10) UNSIGNED NOT NULL,
  `evolution_url` varchar(255) NOT NULL,
  `evolution_key` varchar(255) NOT NULL,
  `instance_name` varchar(100) NOT NULL,
  `instance_status` enum('connected','disconnected','unknown') DEFAULT 'unknown',
  `admin_phone` varchar(20) DEFAULT NULL,
  `notif_novo_evento` tinyint(1) DEFAULT 1,
  `notif_presenca_confirmada` tinyint(1) DEFAULT 1,
  `notif_lembrete` tinyint(1) DEFAULT 1,
  `notif_enquete` tinyint(1) DEFAULT 1,
  `updated_at` timestamp NULL DEFAULT current_timestamp() ON UPDATE current_timestamp(),
  `instance_token` varchar(100) DEFAULT NULL COMMENT 'Token específico da instância'
) ENGINE=InnoDB DEFAULT CHARSET=utf8mb4 COLLATE=utf8mb4_unicode_ci;

--
-- Despejando dados para a tabela `evolution_config`
--

INSERT INTO `evolution_config` (`id`, `evolution_url`, `evolution_key`, `instance_name`, `instance_status`, `admin_phone`, `notif_novo_evento`, `notif_presenca_confirmada`, `notif_lembrete`, `notif_enquete`, `updated_at`, `instance_token`) VALUES
(1, 'http://127.0.0.1:8080', 'MotoClub@2024#Evolution!19962026', 'Whats_Mutantes', 'unknown', '5547992149637', 1, 1, 1, 1, '2026-04-13 23:49:16', 'BD34A9054D51-457C-90D4-9D60EE02B006');

-- --------------------------------------------------------

--
-- Estrutura para tabela `metas_anuais`
--

CREATE TABLE `metas_anuais` (
  `id` int(10) UNSIGNED NOT NULL,
  `ano` int(11) NOT NULL,
  `meta_percentual` decimal(5,2) NOT NULL DEFAULT 80.00,
  `km_total_eventos` decimal(12,2) NOT NULL DEFAULT 0.00,
  `km_meta` decimal(12,2) NOT NULL DEFAULT 0.00,
  `km_registrado` decimal(12,2) NOT NULL DEFAULT 0.00,
  `percentual_atingido` decimal(5,2) NOT NULL DEFAULT 0.00,
  `status` enum('pendente','atingido','superado') NOT NULL DEFAULT 'pendente',
  `ultima_atualizacao` datetime NOT NULL DEFAULT current_timestamp() ON UPDATE current_timestamp(),
  `created_at` datetime NOT NULL DEFAULT current_timestamp()
) ENGINE=InnoDB DEFAULT CHARSET=utf8mb4 COLLATE=utf8mb4_unicode_ci;

-- --------------------------------------------------------

--
-- Estrutura para tabela `metas_historico`
--

CREATE TABLE `metas_historico` (
  `id` int(10) UNSIGNED NOT NULL,
  `ano` int(11) NOT NULL,
  `data_calculo` datetime NOT NULL DEFAULT current_timestamp(),
  `km_total_eventos` decimal(12,2) NOT NULL,
  `km_meta` decimal(12,2) NOT NULL,
  `km_registrado` decimal(12,2) NOT NULL,
  `percentual_atingido` decimal(5,2) NOT NULL
) ENGINE=InnoDB DEFAULT CHARSET=utf8mb4 COLLATE=utf8mb4_unicode_ci;

-- --------------------------------------------------------

--
-- Estrutura para tabela `metas_mensais`
--

CREATE TABLE `metas_mensais` (
  `id` int(10) UNSIGNED NOT NULL,
  `ano` int(11) NOT NULL,
  `mes` int(11) NOT NULL,
  `km_total_eventos_mes` decimal(12,2) NOT NULL DEFAULT 0.00,
  `km_meta_mes` decimal(12,2) NOT NULL DEFAULT 0.00,
  `km_registrado_mes` decimal(12,2) NOT NULL DEFAULT 0.00,
  `percentual_atingido` decimal(5,2) NOT NULL DEFAULT 0.00,
  `ultima_atualizacao` datetime NOT NULL DEFAULT current_timestamp() ON UPDATE current_timestamp(),
  `created_at` datetime NOT NULL DEFAULT current_timestamp()
) ENGINE=InnoDB DEFAULT CHARSET=utf8mb4 COLLATE=utf8mb4_unicode_ci;

-- --------------------------------------------------------

--
-- Estrutura para tabela `motos`
--

CREATE TABLE `motos` (
  `id` int(11) NOT NULL,
  `user_id` int(11) NOT NULL,
  `modelo` varchar(100) NOT NULL,
  `marca` varchar(50) DEFAULT NULL,
  `ano` year(4) DEFAULT NULL,
  `placa` varchar(10) DEFAULT NULL,
  `cor` varchar(50) DEFAULT NULL,
  `foto_path` varchar(255) DEFAULT NULL,
  `principal` tinyint(1) DEFAULT 0 COMMENT 'Moto principal do integrante',
  `criado_em` timestamp NULL DEFAULT current_timestamp()
) ENGINE=InnoDB DEFAULT CHARSET=utf8mb4 COLLATE=utf8mb4_unicode_ci;

--
-- Despejando dados para a tabela `motos`
--

INSERT INTO `motos` (`id`, `user_id`, `modelo`, `marca`, `ano`, `placa`, `cor`, `foto_path`, `principal`, `criado_em`) VALUES
(1, 21, 'Sportster 883 R', 'Harley Davidson', '2007', 'DYY7J21', 'Cinza', 'assets/motos/moto_21_1776473337.jpg', 1, '2026-04-14 01:33:06'),
(3, 11, 'Dragstar 650', 'Yamaha', '2004', 'MDB7H66', 'cinza', NULL, 0, '2026-04-14 21:31:46');

-- --------------------------------------------------------

--
-- Estrutura para tabela `notificacoes`
--

CREATE TABLE `notificacoes` (
  `id` int(10) UNSIGNED NOT NULL,
  `tipo` enum('novo_evento','presenca_confirmada','lembrete','enquete','manual') NOT NULL,
  `titulo` varchar(200) NOT NULL,
  `mensagem` mediumtext NOT NULL,
  `destinatario` enum('todos','admins','usuarios','individual','grupo') DEFAULT 'todos',
  `user_id` int(10) UNSIGNED DEFAULT NULL,
  `grupo_id` int(10) UNSIGNED DEFAULT NULL COMMENT 'ID do grupo WhatsApp (se destinatário = grupo)',
  `event_id` int(10) UNSIGNED DEFAULT NULL,
  `agendado_para` datetime DEFAULT NULL,
  `status` enum('pendente','enviando','enviado','erro','cancelado') DEFAULT 'pendente',
  `total_destinatarios` int(11) DEFAULT 0,
  `total_enviados` int(11) DEFAULT 0,
  `total_erros` int(11) DEFAULT 0,
  `erro_detalhe` mediumtext DEFAULT NULL,
  `criado_por` int(10) UNSIGNED NOT NULL,
  `criado_em` timestamp NULL DEFAULT current_timestamp(),
  `enviado_em` datetime DEFAULT NULL
) ENGINE=InnoDB DEFAULT CHARSET=utf8mb4 COLLATE=utf8mb4_unicode_ci;

--
-- Despejando dados para a tabela `notificacoes`
--

INSERT INTO `notificacoes` (`id`, `tipo`, `titulo`, `mensagem`, `destinatario`, `user_id`, `grupo_id`, `event_id`, `agendado_para`, `status`, `total_destinatarios`, `total_enviados`, `total_erros`, `erro_detalhe`, `criado_por`, `criado_em`, `enviado_em`) VALUES
(1, 'manual', 'Isso é um teste', 'Isso é um teste de sistema, nao responda', 'individual', 9, NULL, NULL, NULL, 'enviado', 1, 1, 0, NULL, 21, '2026-04-13 00:58:04', '2026-04-13 02:58:04'),
(2, 'lembrete', 'sexta tem sede', 'esse é um teste de sistema, mas sexta tem sede', 'todos', NULL, NULL, NULL, NULL, 'enviado', 20, 20, 0, NULL, 21, '2026-04-13 01:28:30', '2026-04-13 03:28:30'),
(3, 'manual', 'teste', 'teste', 'individual', NULL, NULL, NULL, NULL, 'erro', 0, 0, 0, 'Nenhum destinatário com WhatsApp cadastrado.', 21, '2026-04-13 01:32:07', NULL),
(4, 'manual', 'teste', 'role de sexta', 'individual', 21, NULL, NULL, NULL, 'enviado', 1, 1, 0, NULL, 21, '2026-04-13 01:41:42', '2026-04-13 03:41:42'),
(5, 'enquete', 'Enquete: teste enquete 2', '📊 *teste enquete 2*\n\nisso é um teste de sistema, responda a enquete\n\n1. sim, recebi\n2. não, nao recebi\n\nResponda em: https://kmtracker.ogrosystemas.com.br/user/enquetes.php', 'grupo', NULL, 2, NULL, NULL, 'erro', 1, 0, 0, 'SQLSTATE[22001]: String data, right truncated: 1406 Data too long for column \'whatsapp\' at row 1', 21, '2026-04-13 01:50:30', '2026-04-13 03:50:30'),
(6, 'manual', 'teste 4', 'isso é um teste de sistema, não responda', 'todos', NULL, NULL, NULL, NULL, 'erro', 20, 0, 20, NULL, 21, '2026-04-13 01:57:08', '2026-04-13 03:57:08'),
(7, 'manual', 'teste definitivo', 'Isso é um teste de configuração do sistema KM Tracker Mutantes. Não responda', 'todos', NULL, NULL, NULL, NULL, 'enviado', 20, 19, 1, NULL, 21, '2026-04-13 02:06:49', '2026-04-13 04:06:49'),
(8, 'enquete', 'Enquete: teste enquete definitivo', '📊 *teste enquete definitivo*\n\nVoce recebeu a enquete? responda a enquete\n\n1. Sim, recebi\n2. Não, não recebi\n\nResponda em: https://kmtracker.ogrosystemas.com.br/user/enquetes.php', 'grupo', NULL, 2, NULL, NULL, 'erro', 1, 0, 0, 'SQLSTATE[22001]: String data, right truncated: 1406 Data too long for column \'whatsapp\' at row 1', 21, '2026-04-13 02:11:49', '2026-04-13 04:20:40'),
(9, 'enquete', 'Enquete: teste supremo', '*teste supremo*\n\nTeste de configuração do sistema KM Tracker Mutantes. Responda a enquete\n\n1. Sim, recebi\n2. Não, não recebi\n\nResponda em: https://kmtracker.ogrosystemas.com.br/user/enquetes.php', 'grupo', NULL, 2, NULL, NULL, 'erro', 1, 0, 1, 'SQLSTATE[22001]: String data, right truncated: 1406 Data too long for column \'whatsapp\' at row 1', 21, '2026-04-13 02:21:43', '2026-04-13 05:28:15'),
(10, 'enquete', 'Enquete: teste enquete definitivo 2', '*teste enquete definitivo 2*\n\nVoce recebeu a enquete? responda a enquete\n\n1. sim\n2. não\n\nResponda em: https://kmtracker.ogrosystemas.com.br/user/enquetes.php', 'grupo', NULL, 2, NULL, NULL, 'erro', 1, 0, 1, NULL, 21, '2026-04-13 02:32:43', '2026-04-13 04:32:43'),
(11, 'enquete', 'Enquete: teste enquete definitivo 2', '*teste enquete definitivo 2*\n\nteste de enquete, responda a enquete\n\n1. sim, recebi\n2. não, nao recebi\n\nResponda em: https://kmtracker.ogrosystemas.com.br/user/enquetes.php', 'grupo', NULL, 2, NULL, NULL, 'erro', 1, 0, 1, NULL, 21, '2026-04-13 02:52:24', '2026-04-13 05:24:30'),
(12, 'enquete', 'Enquete: teste supremo 2', '*teste supremo 2*\n\nEsse é um teste de sistema, responda a esquete\n\n1. sim, recebi\n2. não, não recebi\n\nResponda em: https://kmtracker.ogrosystemas.com.br/user/enquetes.php', 'grupo', NULL, 2, NULL, NULL, 'erro', 1, 0, 1, NULL, 21, '2026-04-13 03:30:13', '2026-04-13 05:30:13'),
(13, 'enquete', 'Enquete: teste enquete definitivo 3', '*teste enquete definitivo 3*\n\nteste de sistema, responda a enquete\n\n1. sim\n2. não\n\nResponda em: https://kmtracker.ogrosystemas.com.br/user/enquetes.php', 'grupo', NULL, 2, NULL, NULL, 'erro', 1, 0, 1, NULL, 21, '2026-04-13 03:40:51', '2026-04-13 05:40:51'),
(14, 'manual', 'testando', 'ola', 'individual', 21, NULL, NULL, NULL, 'enviado', 1, 1, 0, NULL, 21, '2026-04-13 03:44:22', '2026-04-13 05:44:22'),
(15, 'enquete', 'Enquete: teste', '*teste*\n\nteste de sistema, responda a enquete\n\n1. sim\n2. nao\n\nResponda em: https://kmtracker.ogrosystemas.com.br/user/enquetes.php', 'grupo', NULL, 3, NULL, NULL, 'erro', 1, 0, 1, NULL, 21, '2026-04-13 03:45:35', '2026-04-13 05:45:35'),
(16, 'manual', 'afsdsdfsd', 'sdfsdfsdf', 'individual', 21, NULL, NULL, NULL, 'enviado', 1, 1, 0, NULL, 21, '2026-04-13 03:47:48', '2026-04-13 05:47:48'),
(17, 'enquete', 'Enquete: teste enquete definitivo 2', '*teste enquete definitivo 2*\n\nteste de sistema, responda a enquete\n\n1. sim\n2. não\n\nResponda em: https://kmtracker.ogrosystemas.com.br/user/enquetes.php', 'grupo', NULL, 3, NULL, NULL, 'erro', 1, 0, 1, NULL, 21, '2026-04-13 03:48:27', '2026-04-13 06:01:45'),
(18, 'enquete', 'Enquete: teste enquete definitivo 5', '*teste enquete definitivo 5*\n\nteste de sistema, responda a enquete\n\n1. sim\n2. nao\n\nResponda em: https://kmtracker.ogrosystemas.com.br/user/enquetes.php', 'todos', NULL, NULL, NULL, NULL, 'enviado', 20, 19, 1, NULL, 21, '2026-04-13 03:50:05', '2026-04-13 05:50:05'),
(19, 'enquete', 'Enquete: teste infinito', '*teste infinito*\n\nteste de sistema, responda a enquete\n\n1. sim\n2. não\n\nResponda em: https://kmtracker.ogrosystemas.com.br/user/enquetes.php', 'grupo', NULL, 2, NULL, NULL, 'erro', 1, 0, 1, NULL, 21, '2026-04-13 03:59:54', '2026-04-13 06:01:11'),
(20, 'enquete', 'Enquete: teste enquete definitivo 7', '*teste enquete definitivo 7*\n\nTeste de sistema, responda a enquete\n\n1. sim\n2. não\n\nResponda em: https://kmtracker.ogrosystemas.com.br/user/enquetes.php', 'grupo', NULL, 3, NULL, NULL, 'erro', 1, 0, 1, NULL, 21, '2026-04-13 04:06:29', '2026-04-13 06:11:18'),
(21, 'enquete', 'Enquete: testando', '*testando*\n\nteste de sistema, responda a enquete\n\n1. sim\n2. nao\n\nResponda em: https://kmtracker.ogrosystemas.com.br/user/enquetes.php', 'grupo', NULL, 2, NULL, NULL, 'erro', 1, 0, 1, NULL, 21, '2026-04-13 04:42:32', '2026-04-13 06:42:32'),
(22, 'enquete', 'Enquete: teste1', '*teste1*\n\nteste de sistema, responda a enquete\n\n1. sim\n2. nao\n\nResponda em: https://kmtracker.ogrosystemas.com.br/user/enquetes.php', 'grupo', NULL, 4, NULL, NULL, 'erro', 1, 0, 1, NULL, 21, '2026-04-13 04:43:23', '2026-04-13 06:46:15'),
(23, 'novo_evento', 'Novo Evento: Festa Mutantes Erechim', '🏍️ *Novo Evento: Festa Mutantes Erechim*\n\n📅 Data: 05/05/2026\n📍 Local: Erechim, Região Geográfica Imediata de Erechim, Região Geográfica Intermediária de Passo Fundo, Rio Grande do Sul, Região Sul, Brasil\n🛣️ KM: 937.80 km\n\nAcesse o sistema para confirmar sua presença! 👊', 'todos', NULL, NULL, 1, NULL, 'enviado', 20, 19, 1, NULL, 1, '2026-04-13 05:38:32', '2026-04-13 07:38:33'),
(24, 'enquete', 'Enquete: teste supremo', '*teste supremo*\n\nresponda a enquete\n\n1. sim, recebi\n2. não não recebi\n\nResponda em: https://kmtracker.ogrosystemas.com.br/user/enquetes.php', 'grupo', NULL, 2, NULL, NULL, 'erro', 1, 0, 1, NULL, 21, '2026-04-13 16:27:58', '2026-04-13 18:27:58'),
(25, 'enquete', 'Enquete: teste enquete definitivo', '*teste enquete definitivo*\n\nresponda a enquete, isso é um teste de sistema\n\n1. sim\n2. não\n\nResponda em: https://kmtracker.ogrosystemas.com.br/user/enquetes.php', 'todos', NULL, NULL, NULL, NULL, 'enviado', 20, 19, 1, NULL, 21, '2026-04-13 16:35:08', '2026-04-13 18:35:08'),
(26, 'enquete', 'Enquete: teste', '*teste*\n\nteste, responda a enquete\n\n1. sim\n2. não\n\nResponda em: https://kmtracker.ogrosystemas.com.br/user/enquetes.php', 'grupo', NULL, 2, NULL, NULL, 'erro', 1, 0, 1, NULL, 21, '2026-04-13 17:46:12', '2026-04-13 19:46:12'),
(27, 'enquete', 'Enquete: testando', '*testando*\n\nteste do sistema, responda a enquete\n\n1. sim\n2. não\n\nResponda em: https://kmtracker.ogrosystemas.com.br/user/enquetes.php', 'grupo', NULL, 2, NULL, NULL, 'erro', 1, 0, 1, NULL, 21, '2026-04-13 17:53:56', '2026-04-13 19:53:56'),
(28, 'enquete', 'Enquete: teste 3', '*teste 3*\n\nTeste de registro de votos no sistema, reponda a enquete\n\n1. Sim, respondo\n2. Não, me recuso\n\nResponda em: https://kmtracker.ogrosystemas.com.br/user/enquetes.php', 'grupo', NULL, 2, NULL, NULL, 'enviado', 1, 1, 0, NULL, 21, '2026-04-13 18:17:24', '2026-04-13 20:17:24'),
(29, 'presenca_confirmada', 'Presença confirmada: Faíska', '✅ *Presença Confirmada!*\n\nOlá, Faíska!\nSua presença no evento *Festa Mutantes Erechim* foi confirmada.\n\n📅 05/05/2026\n📍 Erechim - RS\n\nBora rodar! 🏍️', 'individual', 7, NULL, 1, NULL, 'enviado', 1, 1, 0, NULL, 1, '2026-04-13 18:44:46', '2026-04-13 20:44:46'),
(30, 'enquete', 'Enquete: teste enquete definitivo', '*teste enquete definitivo*\n\nisso é um teste de envio\n\n1. sim\n2. não\n\nResponda em: https://kmtracker.ogrosystemas.com.br/user/enquetes.php', 'grupo', NULL, 3, NULL, NULL, 'erro', 1, 0, 1, NULL, 21, '2026-04-13 19:24:50', '2026-04-13 21:24:50'),
(31, 'enquete', 'Enquete: mais um', '*mais um*\n\nteste de envio 2\n\n1. sim\n2. não\n\nResponda em: https://kmtracker.ogrosystemas.com.br/user/enquetes.php', 'grupo', NULL, 1, NULL, NULL, 'enviado', 1, 1, 0, NULL, 21, '2026-04-13 19:26:10', '2026-04-13 21:26:10'),
(32, 'novo_evento', 'Novo Evento: teste', '🏍️ *Novo Evento: teste*\n\n📅 Data: 18/04/2026\n📍 Local: \n🛣️ KM: 0.00 km\n\nAcesse o sistema para confirmar sua presença! 👊', 'todos', NULL, NULL, NULL, NULL, 'enviado', 20, 20, 0, NULL, 1, '2026-04-14 00:21:17', '2026-04-14 02:44:23'),
(33, 'presenca_confirmada', 'Presença confirmada: Buto', '✅ *Presença Confirmada!*\n\nOlá, Buto!\nSua presença no evento *teste* foi confirmada.\n\n📅 18/04/2026\n📍 \n\nBora rodar! 🏍️', 'individual', 21, NULL, NULL, NULL, 'enviado', 1, 1, 0, NULL, 1, '2026-04-14 01:55:31', '2026-04-14 19:29:36');

-- --------------------------------------------------------

--
-- Estrutura para tabela `notificacoes_log`
--

CREATE TABLE `notificacoes_log` (
  `id` int(10) UNSIGNED NOT NULL,
  `notificacao_id` int(10) UNSIGNED NOT NULL,
  `user_id` int(10) UNSIGNED DEFAULT NULL,
  `whatsapp` varchar(100) NOT NULL,
  `status` enum('enviado','erro') NOT NULL,
  `erro_msg` varchar(255) DEFAULT NULL,
  `enviado_em` timestamp NULL DEFAULT current_timestamp()
) ENGINE=InnoDB DEFAULT CHARSET=utf8mb4 COLLATE=utf8mb4_unicode_ci;

--
-- Despejando dados para a tabela `notificacoes_log`
--

INSERT INTO `notificacoes_log` (`id`, `notificacao_id`, `user_id`, `whatsapp`, `status`, `erro_msg`, `enviado_em`) VALUES
(1, 1, 9, '554799636731', 'enviado', NULL, '2026-04-13 00:58:04'),
(2, 2, 3, '55799885595', 'enviado', NULL, '2026-04-13 01:28:30'),
(3, 2, 4, '554896952347', 'enviado', NULL, '2026-04-13 01:28:31'),
(4, 2, 5, '554796343684', 'enviado', NULL, '2026-04-13 01:28:31'),
(5, 2, 6, '554799035924', 'enviado', NULL, '2026-04-13 01:28:32'),
(6, 2, 7, '554796160633', 'enviado', NULL, '2026-04-13 01:28:33'),
(7, 2, 8, '554792721976', 'enviado', NULL, '2026-04-13 01:28:33'),
(8, 2, 9, '554799636731', 'enviado', NULL, '2026-04-13 01:28:34'),
(9, 2, 10, '554796952291', 'enviado', NULL, '2026-04-13 01:28:35'),
(10, 2, 11, '55547141093', 'enviado', NULL, '2026-04-13 01:28:35'),
(11, 2, 12, '554796057048', 'enviado', NULL, '2026-04-13 01:28:36'),
(12, 2, 13, '554796143678', 'enviado', NULL, '2026-04-13 01:28:36'),
(13, 2, 14, '554796029562', 'enviado', NULL, '2026-04-13 01:28:37'),
(14, 2, 15, '554796510192', 'enviado', NULL, '2026-04-13 01:28:38'),
(15, 2, 16, '554791282012', 'enviado', NULL, '2026-04-13 01:28:38'),
(16, 2, 17, '554796401060', 'enviado', NULL, '2026-04-13 01:28:39'),
(17, 2, 18, '554799315674', 'enviado', NULL, '2026-04-13 01:28:39'),
(18, 2, 19, '554797789204', 'enviado', NULL, '2026-04-13 01:28:40'),
(19, 2, 20, '554784681768', 'enviado', NULL, '2026-04-13 01:28:41'),
(20, 2, 21, '554796018551', 'enviado', NULL, '2026-04-13 01:28:41'),
(21, 2, 22, '554792108684', 'enviado', NULL, '2026-04-13 01:28:42'),
(22, 4, 21, '554796018551', 'enviado', NULL, '2026-04-13 01:41:42'),
(23, 6, 3, '55799885595', 'erro', '{\"status\":400,\"error\":\"Bad Request\",\"response\":{\"message\":[[\"instance requires property \\\"textMessage\\\"\"]]},\"_http_code\":400}', '2026-04-13 01:57:08'),
(24, 6, 4, '554896952347', 'erro', '{\"status\":400,\"error\":\"Bad Request\",\"response\":{\"message\":[[\"instance requires property \\\"textMessage\\\"\"]]},\"_http_code\":400}', '2026-04-13 01:57:09'),
(25, 6, 5, '554796343684', 'erro', '{\"status\":400,\"error\":\"Bad Request\",\"response\":{\"message\":[[\"instance requires property \\\"textMessage\\\"\"]]},\"_http_code\":400}', '2026-04-13 01:57:10'),
(26, 6, 6, '554799035924', 'erro', '{\"status\":400,\"error\":\"Bad Request\",\"response\":{\"message\":[[\"instance requires property \\\"textMessage\\\"\"]]},\"_http_code\":400}', '2026-04-13 01:57:10'),
(27, 6, 7, '554796160633', 'erro', '{\"status\":400,\"error\":\"Bad Request\",\"response\":{\"message\":[[\"instance requires property \\\"textMessage\\\"\"]]},\"_http_code\":400}', '2026-04-13 01:57:11'),
(28, 6, 8, '554792721976', 'erro', '{\"status\":400,\"error\":\"Bad Request\",\"response\":{\"message\":[[\"instance requires property \\\"textMessage\\\"\"]]},\"_http_code\":400}', '2026-04-13 01:57:11'),
(29, 6, 9, '554799636731', 'erro', '{\"status\":400,\"error\":\"Bad Request\",\"response\":{\"message\":[[\"instance requires property \\\"textMessage\\\"\"]]},\"_http_code\":400}', '2026-04-13 01:57:12'),
(30, 6, 10, '554796952291', 'erro', '{\"status\":400,\"error\":\"Bad Request\",\"response\":{\"message\":[[\"instance requires property \\\"textMessage\\\"\"]]},\"_http_code\":400}', '2026-04-13 01:57:14'),
(31, 6, 11, '55547141093', 'erro', '{\"status\":400,\"error\":\"Bad Request\",\"response\":{\"message\":[[\"instance requires property \\\"textMessage\\\"\"]]},\"_http_code\":400}', '2026-04-13 01:57:15'),
(32, 6, 12, '554796057048', 'erro', '{\"status\":400,\"error\":\"Bad Request\",\"response\":{\"message\":[[\"instance requires property \\\"textMessage\\\"\"]]},\"_http_code\":400}', '2026-04-13 01:57:15'),
(33, 6, 13, '554796143678', 'erro', '{\"status\":400,\"error\":\"Bad Request\",\"response\":{\"message\":[[\"instance requires property \\\"textMessage\\\"\"]]},\"_http_code\":400}', '2026-04-13 01:57:16'),
(34, 6, 14, '554796029562', 'erro', '{\"status\":400,\"error\":\"Bad Request\",\"response\":{\"message\":[[\"instance requires property \\\"textMessage\\\"\"]]},\"_http_code\":400}', '2026-04-13 01:57:17'),
(35, 6, 15, '554796510192', 'erro', '{\"status\":400,\"error\":\"Bad Request\",\"response\":{\"message\":[[\"instance requires property \\\"textMessage\\\"\"]]},\"_http_code\":400}', '2026-04-13 01:57:17'),
(36, 6, 16, '554791282012', 'erro', '{\"status\":400,\"error\":\"Bad Request\",\"response\":{\"message\":[[\"instance requires property \\\"textMessage\\\"\"]]},\"_http_code\":400}', '2026-04-13 01:57:18'),
(37, 6, 17, '554796401060', 'erro', '{\"status\":400,\"error\":\"Bad Request\",\"response\":{\"message\":[[\"instance requires property \\\"textMessage\\\"\"]]},\"_http_code\":400}', '2026-04-13 01:57:20'),
(38, 6, 18, '554799315674', 'erro', '{\"status\":400,\"error\":\"Bad Request\",\"response\":{\"message\":[[\"instance requires property \\\"textMessage\\\"\"]]},\"_http_code\":400}', '2026-04-13 01:57:20'),
(39, 6, 19, '554797789204', 'erro', '{\"status\":400,\"error\":\"Bad Request\",\"response\":{\"message\":[[\"instance requires property \\\"textMessage\\\"\"]]},\"_http_code\":400}', '2026-04-13 01:57:21'),
(40, 6, 20, '554784681768', 'erro', '{\"status\":400,\"error\":\"Bad Request\",\"response\":{\"message\":[[\"instance requires property \\\"textMessage\\\"\"]]},\"_http_code\":400}', '2026-04-13 01:57:22'),
(41, 6, 21, '554796018551', 'erro', '{\"status\":400,\"error\":\"Bad Request\",\"response\":{\"message\":[[\"instance requires property \\\"textMessage\\\"\"]]},\"_http_code\":400}', '2026-04-13 01:57:22'),
(42, 6, 22, '554792108684', 'erro', '{\"status\":400,\"error\":\"Bad Request\",\"response\":{\"message\":[[\"instance requires property \\\"textMessage\\\"\"]]},\"_http_code\":400}', '2026-04-13 01:57:23'),
(43, 7, 3, '55799885595', 'enviado', NULL, '2026-04-13 02:06:50'),
(44, 7, 4, '554896952347', 'enviado', NULL, '2026-04-13 02:06:52'),
(45, 7, 5, '554796343684', 'enviado', NULL, '2026-04-13 02:06:54'),
(46, 7, 6, '554799035924', 'enviado', NULL, '2026-04-13 02:06:55'),
(47, 7, 7, '554796160633', 'enviado', NULL, '2026-04-13 02:06:57'),
(48, 7, 8, '554792721976', 'enviado', NULL, '2026-04-13 02:06:59'),
(49, 7, 9, '554799636731', 'enviado', NULL, '2026-04-13 02:07:00'),
(50, 7, 10, '554796952291', 'enviado', NULL, '2026-04-13 02:07:02'),
(51, 7, 11, '55547141093', 'erro', '{\"status\":400,\"error\":\"Bad Request\",\"response\":{\"message\":[{\"exists\":false,\"jid\":\"5555547141093@s.whatsapp.net\",\"number\":\"5555547141093\"}]},\"_http_code\":400}', '2026-04-13 02:07:03'),
(52, 7, 12, '554796057048', 'enviado', NULL, '2026-04-13 02:07:05'),
(53, 7, 13, '554796143678', 'enviado', NULL, '2026-04-13 02:07:06'),
(54, 7, 14, '554796029562', 'enviado', NULL, '2026-04-13 02:07:08'),
(55, 7, 15, '554796510192', 'enviado', NULL, '2026-04-13 02:07:10'),
(56, 7, 16, '554791282012', 'enviado', NULL, '2026-04-13 02:07:11'),
(57, 7, 17, '554796401060', 'enviado', NULL, '2026-04-13 02:07:13'),
(58, 7, 18, '554799315674', 'enviado', NULL, '2026-04-13 02:07:15'),
(59, 7, 19, '554797789204', 'enviado', NULL, '2026-04-13 02:07:17'),
(60, 7, 20, '554784681768', 'enviado', NULL, '2026-04-13 02:07:18'),
(61, 7, 21, '554796018551', 'enviado', NULL, '2026-04-13 02:07:19'),
(62, 7, 22, '554792108684', 'enviado', NULL, '2026-04-13 02:07:21'),
(63, 9, NULL, '120363324594197390@g.us', 'erro', '{\"status\":400,\"error\":\"Bad Request\",\"response\":{\"message\":[\"SessionError: No sessions\"]},\"_http_code\":400}', '2026-04-13 02:22:38'),
(64, 9, NULL, '120363324594197390@g.us', 'erro', '{\"status\":400,\"error\":\"Bad Request\",\"response\":{\"message\":[\"SessionError: No sessions\"]},\"_http_code\":400}', '2026-04-13 02:26:01'),
(65, 9, NULL, '120363324594197390@g.us', 'erro', '{\"status\":400,\"error\":\"Bad Request\",\"response\":{\"message\":[\"SessionError: No sessions\"]},\"_http_code\":400}', '2026-04-13 02:29:43'),
(66, 9, NULL, '120363324594197390@g.us', 'erro', '{\"status\":400,\"error\":\"Bad Request\",\"response\":{\"message\":[\"SessionError: No sessions\"]},\"_http_code\":400}', '2026-04-13 02:32:08'),
(67, 10, NULL, '120363324594197390@g.us', 'erro', '{\"status\":400,\"error\":\"Bad Request\",\"response\":{\"message\":[\"SessionError: No sessions\"]},\"_http_code\":400}', '2026-04-13 02:32:48'),
(68, 11, NULL, '120363324594197390@g.us', 'erro', '{\"status\":400,\"error\":\"Bad Request\",\"response\":{\"message\":[\"SessionError: No sessions\"]},\"_http_code\":400}', '2026-04-13 02:52:31'),
(69, 9, NULL, '120363324594197390@g.us', 'erro', '{\"status\":400,\"error\":\"Bad Request\",\"response\":{\"message\":[[\"instance requires property \\\"textMessage\\\"\"]]},\"_http_code\":400}', '2026-04-13 03:11:28'),
(70, 11, NULL, '120363324594197390@g.us', 'erro', '{\"status\":400,\"error\":\"Bad Request\",\"response\":{\"message\":[[\"instance requires property \\\"textMessage\\\"\"]]},\"_http_code\":400}', '2026-04-13 03:14:13'),
(71, 11, NULL, '120363324594197390@g.us', 'erro', '{\"status\":400,\"error\":\"Bad Request\",\"response\":{\"message\":[[\"instance requires property \\\"textMessage\\\"\"]]},\"_http_code\":400}', '2026-04-13 03:24:31'),
(72, 9, NULL, '120363324594197390@g.us', 'erro', '{\"status\":400,\"error\":\"Bad Request\",\"response\":{\"message\":[\"SessionError: No sessions\"]},\"_http_code\":400}', '2026-04-13 03:28:23'),
(73, 12, NULL, '120363324594197390@g.us', 'erro', '{\"status\":400,\"error\":\"Bad Request\",\"response\":{\"message\":[\"SessionError: No sessions\"]},\"_http_code\":400}', '2026-04-13 03:30:21'),
(74, 13, NULL, '120363324594197390@g.us', 'erro', '{\"status\":500,\"error\":\"Internal Server Error\",\"response\":{\"message\":\"Cannot read properties of undefined (reading \'id\')\"},\"_http_code\":500}', '2026-04-13 03:40:51'),
(75, 14, 21, '554796018551', 'enviado', NULL, '2026-04-13 03:44:22'),
(76, 15, NULL, '554788023414-1413138130@g.us', 'erro', '{\"_http_code\":0}', '2026-04-13 03:45:50'),
(77, 16, 21, '554796018551', 'enviado', NULL, '2026-04-13 03:47:48'),
(78, 17, NULL, '554788023414-1413138130@g.us', 'erro', '{\"_http_code\":0}', '2026-04-13 03:48:42'),
(79, 18, 3, '55799885595', 'enviado', NULL, '2026-04-13 03:50:07'),
(80, 18, 4, '554896952347', 'enviado', NULL, '2026-04-13 03:50:09'),
(81, 18, 5, '554796343684', 'enviado', NULL, '2026-04-13 03:50:12'),
(82, 18, 6, '554799035924', 'enviado', NULL, '2026-04-13 03:50:14'),
(83, 18, 7, '554796160633', 'enviado', NULL, '2026-04-13 03:50:15'),
(84, 18, 8, '554792721976', 'enviado', NULL, '2026-04-13 03:50:17'),
(85, 18, 9, '554799636731', 'enviado', NULL, '2026-04-13 03:50:20'),
(86, 18, 10, '554796952291', 'enviado', NULL, '2026-04-13 03:50:21'),
(87, 18, 11, '55547141093', 'erro', '{\"status\":400,\"error\":\"Bad Request\",\"response\":{\"message\":[{\"exists\":false,\"jid\":\"5555547141093@s.whatsapp.net\",\"number\":\"5555547141093\"}]},\"_http_code\":400}', '2026-04-13 03:50:22'),
(88, 18, 12, '554796057048', 'enviado', NULL, '2026-04-13 03:50:24'),
(89, 18, 13, '554796143678', 'enviado', NULL, '2026-04-13 03:50:26'),
(90, 18, 14, '554796029562', 'enviado', NULL, '2026-04-13 03:50:28'),
(91, 18, 15, '554796510192', 'enviado', NULL, '2026-04-13 03:50:31'),
(92, 18, 16, '554791282012', 'enviado', NULL, '2026-04-13 03:50:33'),
(93, 18, 17, '554796401060', 'enviado', NULL, '2026-04-13 03:50:35'),
(94, 18, 18, '554799315674', 'enviado', NULL, '2026-04-13 03:50:36'),
(95, 18, 19, '554797789204', 'enviado', NULL, '2026-04-13 03:50:38'),
(96, 18, 20, '554784681768', 'enviado', NULL, '2026-04-13 03:50:40'),
(97, 18, 21, '554796018551', 'enviado', NULL, '2026-04-13 03:50:41'),
(98, 18, 22, '554792108684', 'enviado', NULL, '2026-04-13 03:50:43'),
(99, 19, NULL, '120363324594197390@g.us', 'erro', '{\"status\":400,\"error\":\"Bad Request\",\"response\":{\"message\":[[\"instance requires property \\\"pollMessage\\\"\"]]},\"_http_code\":400}', '2026-04-13 03:59:54'),
(100, 19, NULL, '120363324594197390@g.us', 'erro', '{\"status\":400,\"error\":\"Bad Request\",\"response\":{\"message\":[[\"instance requires property \\\"pollMessage\\\"\"]]},\"_http_code\":400}', '2026-04-13 04:01:11'),
(101, 17, NULL, '554788023414-1413138130@g.us', 'erro', '{\"status\":400,\"error\":\"Bad Request\",\"response\":{\"message\":[[\"instance requires property \\\"pollMessage\\\"\"]]},\"_http_code\":400}', '2026-04-13 04:01:45'),
(102, 20, NULL, '554788023414-1413138130@g.us', 'erro', '{\"_http_code\":0}', '2026-04-13 04:06:44'),
(103, 20, NULL, '554788023414-1413138130@g.us', 'erro', '{\"_http_code\":0}', '2026-04-13 04:11:33'),
(104, 21, NULL, '120363324594197390@g.us', 'erro', '{\"status\":400,\"error\":\"Bad Request\",\"response\":{\"message\":[\"SessionError: No sessions\"]},\"_http_code\":400}', '2026-04-13 04:42:36'),
(105, 22, NULL, '554797681420-1487883694@g.us', 'erro', '{\"_http_code\":0}', '2026-04-13 04:43:38'),
(106, 22, NULL, '554797681420-1487883694@g.us', 'erro', '{\"_http_code\":0}', '2026-04-13 04:46:30'),
(107, 23, 3, '55799885595', 'enviado', NULL, '2026-04-13 05:38:33'),
(108, 23, 4, '554896952347', 'enviado', NULL, '2026-04-13 05:38:34'),
(109, 23, 5, '554796343684', 'enviado', NULL, '2026-04-13 05:38:36'),
(110, 23, 6, '554799035924', 'enviado', NULL, '2026-04-13 05:38:37'),
(111, 23, 7, '554796160633', 'enviado', NULL, '2026-04-13 05:38:38'),
(112, 23, 8, '554792721976', 'enviado', NULL, '2026-04-13 05:38:39'),
(113, 23, 9, '554799636731', 'enviado', NULL, '2026-04-13 05:38:41'),
(114, 23, 10, '554796952291', 'enviado', NULL, '2026-04-13 05:38:42'),
(115, 23, 11, '55547141093', 'erro', '{\"status\":400,\"error\":\"Bad Request\",\"response\":{\"message\":[{\"exists\":false,\"jid\":\"5555547141093@s.whatsapp.net\",\"number\":\"5555547141093\"}]},\"_http_code\":400}', '2026-04-13 05:38:43'),
(116, 23, 12, '554796057048', 'enviado', NULL, '2026-04-13 05:38:44'),
(117, 23, 13, '554796143678', 'enviado', NULL, '2026-04-13 05:38:45'),
(118, 23, 14, '554796029562', 'enviado', NULL, '2026-04-13 05:38:46'),
(119, 23, 15, '554796510192', 'enviado', NULL, '2026-04-13 05:38:47'),
(120, 23, 16, '554791282012', 'enviado', NULL, '2026-04-13 05:38:49'),
(121, 23, 17, '554796401060', 'enviado', NULL, '2026-04-13 05:38:50'),
(122, 23, 18, '554799315674', 'enviado', NULL, '2026-04-13 05:38:51'),
(123, 23, 19, '554797789204', 'enviado', NULL, '2026-04-13 05:38:52'),
(124, 23, 20, '554784681768', 'enviado', NULL, '2026-04-13 05:38:53'),
(125, 23, 21, '554796018551', 'enviado', NULL, '2026-04-13 05:38:54'),
(126, 23, 22, '554792108684', 'enviado', NULL, '2026-04-13 05:38:55'),
(127, 24, NULL, '120363324594197390@g.us', 'erro', '{\"status\":500,\"error\":\"Internal Server Error\",\"response\":{\"message\":\"Cannot read properties of undefined (reading \'id\')\"},\"_http_code\":500}', '2026-04-13 16:27:58'),
(128, 25, 3, '55799885595', 'enviado', NULL, '2026-04-13 16:35:09'),
(129, 25, 4, '554896952347', 'enviado', NULL, '2026-04-13 16:35:10'),
(130, 25, 5, '554796343684', 'enviado', NULL, '2026-04-13 16:35:11'),
(131, 25, 6, '554799035924', 'enviado', NULL, '2026-04-13 16:35:12'),
(132, 25, 7, '554796160633', 'enviado', NULL, '2026-04-13 16:35:14'),
(133, 25, 8, '554792721976', 'enviado', NULL, '2026-04-13 16:35:15'),
(134, 25, 9, '554799636731', 'enviado', NULL, '2026-04-13 16:35:16'),
(135, 25, 10, '554796952291', 'enviado', NULL, '2026-04-13 16:35:17'),
(136, 25, 11, '55547141093', 'erro', '{\"status\":400,\"error\":\"Bad Request\",\"response\":{\"message\":[{\"exists\":false,\"jid\":\"5555547141093@s.whatsapp.net\",\"number\":\"5555547141093\"}]},\"_http_code\":400}', '2026-04-13 16:35:18'),
(137, 25, 12, '554796057048', 'enviado', NULL, '2026-04-13 16:35:19'),
(138, 25, 13, '554796143678', 'enviado', NULL, '2026-04-13 16:35:20'),
(139, 25, 14, '554796029562', 'enviado', NULL, '2026-04-13 16:35:21'),
(140, 25, 15, '554796510192', 'enviado', NULL, '2026-04-13 16:35:22'),
(141, 25, 16, '554791282012', 'enviado', NULL, '2026-04-13 16:35:23'),
(142, 25, 17, '554796401060', 'enviado', NULL, '2026-04-13 16:35:25'),
(143, 25, 18, '554799315674', 'enviado', NULL, '2026-04-13 16:35:26'),
(144, 25, 19, '554797789204', 'enviado', NULL, '2026-04-13 16:35:27'),
(145, 25, 20, '554784681768', 'enviado', NULL, '2026-04-13 16:35:28'),
(146, 25, 21, '554796018551', 'enviado', NULL, '2026-04-13 16:35:29'),
(147, 25, 22, '554792108684', 'enviado', NULL, '2026-04-13 16:35:30'),
(148, 26, NULL, '120363324594197390@g.us', 'erro', '{\"_http_code\":0}', '2026-04-13 17:46:27'),
(149, 27, NULL, '120363324594197390@g.us', 'erro', '{\"_http_code\":0}', '2026-04-13 17:54:11'),
(150, 28, NULL, '120363324594197390@g.us', 'enviado', NULL, '2026-04-13 18:17:48'),
(151, 29, 7, '554796160633', 'enviado', NULL, '2026-04-13 18:44:50'),
(152, 30, NULL, '554788023414-1413138130@g.us', 'erro', '{\"_http_code\":0}', '2026-04-13 19:25:20'),
(153, 31, NULL, '554788093840-1429934076@g.us', 'enviado', NULL, '2026-04-13 19:26:12'),
(154, 32, 3, '55799885595', 'enviado', NULL, '2026-04-14 00:21:21'),
(155, 32, 4, '554896952347', 'enviado', NULL, '2026-04-14 00:21:25'),
(156, 32, 5, '554796343684', 'enviado', NULL, '2026-04-14 00:21:31'),
(157, 32, 6, '554799035924', 'enviado', NULL, '2026-04-14 00:21:35'),
(158, 32, 7, '554796160633', 'enviado', NULL, '2026-04-14 00:21:38'),
(159, 32, 8, '554792721976', 'enviado', NULL, '2026-04-14 00:21:43'),
(160, 32, 9, '554799636731', 'enviado', NULL, '2026-04-14 00:21:47'),
(161, 32, 10, '554796952291', 'enviado', NULL, '2026-04-14 00:21:51'),
(162, 32, 11, '55547141093', 'erro', '{\"status\":400,\"error\":\"Bad Request\",\"response\":{\"message\":[{\"jid\":\"5555547141093@s.whatsapp.net\",\"exists\":false,\"number\":\"5555547141093\"}]},\"_http_code\":400}', '2026-04-14 00:21:52'),
(163, 32, 12, '554796057048', 'enviado', NULL, '2026-04-14 00:21:56'),
(164, 32, 13, '554796143678', 'enviado', NULL, '2026-04-14 00:22:00'),
(165, 32, 14, '554796029562', 'enviado', NULL, '2026-04-14 00:22:03'),
(166, 32, 15, '554796510192', 'enviado', NULL, '2026-04-14 00:22:08'),
(167, 32, 16, '554791282012', 'enviado', NULL, '2026-04-14 00:22:12'),
(168, 32, 17, '554796401060', 'enviado', NULL, '2026-04-14 00:22:17'),
(169, 32, 18, '554799315674', 'enviado', NULL, '2026-04-14 00:22:21'),
(170, 32, 19, '554797789204', 'enviado', NULL, '2026-04-14 00:22:25'),
(171, 32, 20, '554784681768', 'enviado', NULL, '2026-04-14 00:22:29'),
(172, 32, 21, '554796018551', 'enviado', NULL, '2026-04-14 00:22:33'),
(173, 32, 22, '554792108684', 'enviado', NULL, '2026-04-14 00:22:37'),
(174, 32, 3, '55799885595', 'enviado', NULL, '2026-04-14 00:31:58'),
(175, 32, 4, '554896952347', 'enviado', NULL, '2026-04-14 00:32:02'),
(176, 32, 5, '554796343684', 'enviado', NULL, '2026-04-14 00:32:07'),
(177, 32, 6, '554799035924', 'enviado', NULL, '2026-04-14 00:32:10'),
(178, 32, 7, '554796160633', 'enviado', NULL, '2026-04-14 00:32:13'),
(179, 32, 8, '554792721976', 'enviado', NULL, '2026-04-14 00:32:18'),
(180, 32, 9, '554799636731', 'enviado', NULL, '2026-04-14 00:32:22'),
(181, 32, 10, '554796952291', 'enviado', NULL, '2026-04-14 00:32:25'),
(182, 32, 11, '55547141093', 'erro', '{\"status\":400,\"error\":\"Bad Request\",\"response\":{\"message\":[{\"jid\":\"5555547141093@s.whatsapp.net\",\"exists\":false,\"number\":\"5555547141093\"}]},\"_http_code\":400}', '2026-04-14 00:32:25'),
(183, 32, 12, '554796057048', 'enviado', NULL, '2026-04-14 00:32:29'),
(184, 32, 13, '554796143678', 'enviado', NULL, '2026-04-14 00:32:32'),
(185, 32, 14, '554796029562', 'enviado', NULL, '2026-04-14 00:32:36'),
(186, 32, 15, '554796510192', 'enviado', NULL, '2026-04-14 00:32:42'),
(187, 32, 16, '554791282012', 'enviado', NULL, '2026-04-14 00:32:45'),
(188, 32, 17, '554796401060', 'enviado', NULL, '2026-04-14 00:32:49'),
(189, 32, 18, '554799315674', 'enviado', NULL, '2026-04-14 00:32:52'),
(190, 32, 19, '554797789204', 'enviado', NULL, '2026-04-14 00:32:56'),
(191, 32, 20, '554784681768', 'enviado', NULL, '2026-04-14 00:32:59'),
(192, 32, 21, '554796018551', 'enviado', NULL, '2026-04-14 00:33:03'),
(193, 32, 22, '554792108684', 'enviado', NULL, '2026-04-14 00:33:07'),
(194, 32, 3, '554799885595', 'enviado', NULL, '2026-04-14 00:39:24'),
(195, 32, 4, '554896952347', 'enviado', NULL, '2026-04-14 00:39:29'),
(196, 32, 5, '554796343684', 'enviado', NULL, '2026-04-14 00:39:35'),
(197, 32, 6, '554799035924', 'enviado', NULL, '2026-04-14 00:39:38'),
(198, 32, 7, '554796160633', 'enviado', NULL, '2026-04-14 00:39:41'),
(199, 32, 8, '554792721976', 'enviado', NULL, '2026-04-14 00:39:46'),
(200, 32, 9, '554799636731', 'enviado', NULL, '2026-04-14 00:39:50'),
(201, 32, 10, '554796952291', 'enviado', NULL, '2026-04-14 00:39:53'),
(202, 32, 11, '555497141093', 'enviado', NULL, '2026-04-14 00:39:59'),
(203, 32, 12, '554796057048', 'enviado', NULL, '2026-04-14 00:40:04'),
(204, 32, 13, '554796143678', 'enviado', NULL, '2026-04-14 00:40:07'),
(205, 32, 14, '554796029562', 'enviado', NULL, '2026-04-14 00:40:10'),
(206, 32, 15, '554796510192', 'enviado', NULL, '2026-04-14 00:40:15'),
(207, 32, 16, '554791282012', 'enviado', NULL, '2026-04-14 00:40:18'),
(208, 32, 17, '554796401060', 'enviado', NULL, '2026-04-14 00:40:22'),
(209, 32, 18, '554799315674', 'enviado', NULL, '2026-04-14 00:40:25'),
(210, 32, 19, '554797789204', 'enviado', NULL, '2026-04-14 00:40:29'),
(211, 32, 20, '554784681768', 'enviado', NULL, '2026-04-14 00:40:33'),
(212, 32, 21, '554796018551', 'enviado', NULL, '2026-04-14 00:40:37'),
(213, 32, 22, '554792108684', 'enviado', NULL, '2026-04-14 00:40:41'),
(214, 32, 3, '554799885595', 'enviado', NULL, '2026-04-14 00:44:24'),
(215, 32, 4, '554896952347', 'enviado', NULL, '2026-04-14 00:44:27'),
(216, 32, 5, '554796343684', 'enviado', NULL, '2026-04-14 00:44:29'),
(217, 32, 6, '554799035924', 'enviado', NULL, '2026-04-14 00:44:31'),
(218, 32, 7, '554796160633', 'enviado', NULL, '2026-04-14 00:44:34'),
(219, 32, 8, '554792721976', 'enviado', NULL, '2026-04-14 00:44:37'),
(220, 32, 9, '554799636731', 'enviado', NULL, '2026-04-14 00:44:40'),
(221, 32, 10, '554796952291', 'enviado', NULL, '2026-04-14 00:44:42'),
(222, 32, 11, '555497141093', 'enviado', NULL, '2026-04-14 00:44:44'),
(223, 32, 12, '554796057048', 'enviado', NULL, '2026-04-14 00:44:47'),
(224, 32, 13, '554796143678', 'enviado', NULL, '2026-04-14 00:44:50'),
(225, 32, 14, '554796029562', 'enviado', NULL, '2026-04-14 00:44:52'),
(226, 32, 15, '554796510192', 'enviado', NULL, '2026-04-14 00:44:54'),
(227, 32, 16, '554791282012', 'enviado', NULL, '2026-04-14 00:44:56'),
(228, 32, 17, '554796401060', 'enviado', NULL, '2026-04-14 00:44:59'),
(229, 32, 18, '554799315674', 'enviado', NULL, '2026-04-14 00:45:01'),
(230, 32, 19, '554797789204', 'enviado', NULL, '2026-04-14 00:45:04'),
(231, 32, 20, '554784681768', 'enviado', NULL, '2026-04-14 00:45:06'),
(232, 32, 21, '554796018551', 'enviado', NULL, '2026-04-14 00:45:09'),
(233, 32, 22, '554792108684', 'enviado', NULL, '2026-04-14 00:45:13'),
(234, 33, 21, '554796018551', 'enviado', NULL, '2026-04-14 01:55:35'),
(235, 33, 21, '554796018551', 'enviado', NULL, '2026-04-14 17:29:41');

-- --------------------------------------------------------

--
-- Estrutura para tabela `sextas_confirmacoes`
--

CREATE TABLE `sextas_confirmacoes` (
  `id` int(11) NOT NULL,
  `data_sexta` date NOT NULL,
  `user_id` int(11) NOT NULL,
  `status` enum('confirmado','pendente','cancelado') DEFAULT 'confirmado',
  `confirmed_at` datetime NOT NULL
) ENGINE=InnoDB DEFAULT CHARSET=utf8mb4 COLLATE=utf8mb4_unicode_ci;

--
-- Despejando dados para a tabela `sextas_confirmacoes`
--

INSERT INTO `sextas_confirmacoes` (`id`, `data_sexta`, `user_id`, `status`, `confirmed_at`) VALUES
(1, '2026-04-17', 21, 'confirmado', '2026-04-13 20:43:14'),
(2, '2026-04-17', 7, 'confirmado', '2026-04-13 20:44:01'),
(3, '2026-04-17', 11, 'confirmado', '2026-04-14 23:16:08');

-- --------------------------------------------------------

--
-- Estrutura para tabela `sexta_photos`
--

CREATE TABLE `sexta_photos` (
  `id` int(11) NOT NULL,
  `data_sexta` date NOT NULL COMMENT 'Data da sexta-feira referenciada',
  `user_id` int(11) NOT NULL,
  `drive_file_id` varchar(100) NOT NULL,
  `drive_view_url` varchar(500) NOT NULL,
  `drive_thumb_url` varchar(500) DEFAULT NULL,
  `original_name` varchar(255) NOT NULL,
  `description` varchar(500) DEFAULT NULL,
  `created_at` datetime NOT NULL DEFAULT current_timestamp()
) ENGINE=InnoDB DEFAULT CHARSET=utf8mb4 COLLATE=utf8mb4_unicode_ci;

--
-- Despejando dados para a tabela `sexta_photos`
--

INSERT INTO `sexta_photos` (`id`, `data_sexta`, `user_id`, `drive_file_id`, `drive_view_url`, `drive_thumb_url`, `original_name`, `description`, `created_at`) VALUES
(1, '2026-04-17', 21, '1KRdWzpYwyW7qpgErl9pXDEfNPRCrKCsK', 'https://drive.google.com/thumbnail?id=1KRdWzpYwyW7qpgErl9pXDEfNPRCrKCsK&sz=w1200', 'https://drive.google.com/thumbnail?id=1KRdWzpYwyW7qpgErl9pXDEfNPRCrKCsK&sz=w400', '1000105394.jpg', NULL, '2026-04-18 02:46:26');

-- --------------------------------------------------------

--
-- Estrutura para tabela `system_settings`
--

CREATE TABLE `system_settings` (
  `id` int(11) NOT NULL,
  `chave` varchar(100) NOT NULL,
  `valor` text DEFAULT NULL,
  `updated_at` datetime DEFAULT current_timestamp() ON UPDATE current_timestamp()
) ENGINE=InnoDB DEFAULT CHARSET=utf8mb4 COLLATE=utf8mb4_general_ci;

--
-- Despejando dados para a tabela `system_settings`
--

INSERT INTO `system_settings` (`id`, `chave`, `valor`, `updated_at`) VALUES
(1, 'sistema_nome', 'KM Tracker', '2026-04-14 16:26:01'),
(2, 'clube_nome', 'Mutantes MC', '2026-04-14 20:16:56'),
(3, 'tema', 'dark', '2026-04-14 23:10:25'),
(4, 'logo_path', 'assets/logo_sistema.png', '2026-04-14 17:02:12'),
(5, 'google_drive_client_id', '258020236528-j8afcao6p6o497bmgb89uvfsl43qv3hb.apps.googleusercontent.com', '2026-04-14 16:59:47'),
(6, 'google_drive_client_secret', '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', '2026-04-14 16:59:47'),
(7, 'google_drive_folder_id', '1uTI4Een7fhN3nE9ZIjyF3ga6PYsRSxBJ', '2026-04-14 23:09:06'),
(8, 'evo_url', 'http://127.0.0.1:8080', '2026-04-14 16:46:52'),
(9, 'evo_instancia', 'Whats_Mutantes', '2026-04-14 16:46:52'),
(10, 'evo_token', 'BD34A9054D51-457C-90D4-9D60EE02B006', '2026-04-14 16:46:52'),
(11, 'evo_apikey', 'MotoClub@2024#Evolution!19962026', '2026-04-14 16:46:52'),
(27, 'evo_admin_phone', '5547992149637', '2026-04-14 16:46:52'),
(28, 'notif_novo_evento', '1', '2026-04-14 16:46:52'),
(29, 'notif_presenca_confirmada', '1', '2026-04-14 16:46:52'),
(30, 'notif_lembrete', '1', '2026-04-14 16:46:52'),
(31, 'notif_enquete', '1', '2026-04-14 16:46:52'),
(32, 'relatorio_titulo', 'Relatório de Quilometragem e Presença em Eventos', '2026-04-14 16:47:55'),
(33, 'relatorio_rodape', '', '2026-04-14 16:47:55'),
(34, 'relatorio_cor_primaria', '#ff8000', '2026-04-14 17:01:16'),
(35, 'relatorio_cor_secundaria', '#eca05b', '2026-04-14 17:01:16'),
(36, 'relatorio_orientacao', 'P', '2026-04-14 16:47:55'),
(37, 'relatorio_max_ranking', '30', '2026-04-14 17:00:36'),
(38, 'relatorio_secoes', 'ranking,eventos,sextas', '2026-04-14 16:47:55'),
(97, 'logo_relatorio_path', 'assets/logo_relatorio.png', '2026-04-14 17:01:44');

-- --------------------------------------------------------

--
-- Estrutura para tabela `users`
--

CREATE TABLE `users` (
  `id` int(10) UNSIGNED NOT NULL,
  `name` varchar(120) NOT NULL,
  `email` varchar(180) NOT NULL,
  `whatsapp` varchar(20) DEFAULT NULL COMMENT 'Número WhatsApp somente dígitos ex: 5547999990000',
  `password` varchar(255) NOT NULL,
  `role` enum('admin','user') NOT NULL DEFAULT 'user',
  `graduacao` enum('diretor','subdiretor','escudo_fechado','meio_escudo_maior','meio_escudo_menor','pp','veterano') DEFAULT NULL COMMENT 'Hierarquia do clube',
  `active` tinyint(1) NOT NULL DEFAULT 1,
  `avatar` varchar(255) DEFAULT NULL,
  `moto_marca` varchar(100) DEFAULT NULL,
  `moto_kml` decimal(5,2) DEFAULT NULL,
  `moto_modelo` varchar(100) DEFAULT NULL,
  `moto_tanque` decimal(5,2) DEFAULT NULL,
  `gas_preco` decimal(6,3) DEFAULT NULL,
  `created_at` datetime NOT NULL DEFAULT current_timestamp(),
  `updated_at` datetime NOT NULL DEFAULT current_timestamp() ON UPDATE current_timestamp()
) ENGINE=InnoDB DEFAULT CHARSET=utf8mb4 COLLATE=utf8mb4_unicode_ci;

--
-- Despejando dados para a tabela `users`
--

INSERT INTO `users` (`id`, `name`, `email`, `whatsapp`, `password`, `role`, `graduacao`, `active`, `avatar`, `moto_marca`, `moto_kml`, `moto_modelo`, `moto_tanque`, `gas_preco`, `created_at`, `updated_at`) VALUES
(1, 'Admin', 'admin@sistema.com', NULL, '$2y$12$4BT1laQPKnd07mj9RqK9wOO0f8E0O.YcY887ew1yRgdrnbfhivctW', 'admin', NULL, 0, NULL, NULL, NULL, NULL, NULL, NULL, '2026-04-13 02:50:37', '2026-04-14 04:00:02'),
(3, 'Chimia', 'chimia@sistema.com', '554799885595', '$2y$12$pr27j8V946oLfiVPjKU7N.N0TQkBP2Ukl1mthMopUbCuEQRCz.Oba', 'user', 'escudo_fechado', 1, NULL, NULL, 0.00, '', 0.00, 0.000, '2026-03-30 08:55:08', '2026-04-14 02:37:14'),
(4, 'Corega', 'corega@sistema.com', '554896952347', '$2y$12$rOmdkz7SUTY0l5pBLqm.7OfZYVK4SkV2dIUiV9uZrWqvlmpohenu6', 'user', 'pp', 1, NULL, NULL, 0.00, '', 0.00, 0.000, '2026-03-30 08:55:39', '2026-04-13 03:18:39'),
(5, 'Cú de Lixo', 'cudelixo@sistema.com', '554796343684', '$2y$12$pncsesPVb.40nRRCwN/Ny.eLR5iTRz.MSxhoQFeaMvfpOzQs0tNVW', 'user', 'pp', 1, NULL, NULL, 0.00, '', 0.00, 0.000, '2026-03-30 08:56:09', '2026-04-13 03:38:42'),
(6, 'Tio Ênio', 'enio@sistema.com', '554799035924', '$2y$12$2yBrWmS7Z5LLhy7NgIo2jedZg6uOMkoLHvJsQbqxUYwHELAVW/w3e', 'user', 'meio_escudo_maior', 1, NULL, NULL, 0.00, '', 0.00, 0.000, '2026-03-30 08:56:38', '2026-04-13 03:24:42'),
(7, 'Faíska', 'faiska@sistema.com', '554796160633', '$2y$12$c79yJ.KTUiZnXVLt87VdYOLZzlvI4AaM4GY28MvYGFR3uXhPm90/e', 'user', 'meio_escudo_menor', 1, NULL, '', 20.00, 'royal enfield', 15.00, 6.700, '2026-03-30 08:57:07', '2026-04-13 07:42:38'),
(8, 'Fechadinho', 'fechadinho@sistema.com', '554792721976', '$2y$12$U3Xz0pzIOFpSJEcxtgILluXqe1Ea4BmvMc4OKVK98osZz98QTAlay', 'user', 'pp', 1, NULL, NULL, 0.00, '', 0.00, 0.000, '2026-03-30 08:57:37', '2026-04-13 03:20:25'),
(9, 'Frank', 'frank@sistema.com', '554799636731', '$2y$12$KQAaR6Kkk3Ps4ygs62CAyeNMoTY4y4AJXLxiH5b.MGZ1e0u8clILi', 'admin', 'diretor', 1, NULL, '', 0.00, '', 0.00, 0.000, '2026-03-30 08:57:59', '2026-04-13 03:38:52'),
(10, 'Imundiça', 'imundica@sistema.com', '554796952291', '$2y$12$fClxYAe96E.Mpg.TOsiH3O7h8mLKd565/MD4HMbmahfKpfur4zjpO', 'user', 'escudo_fechado', 1, NULL, NULL, 0.00, '', 0.00, 0.000, '2026-03-30 08:58:24', '2026-04-13 03:20:09'),
(11, 'Menotti', 'menotti@sistema.com', '555497141093', '$2y$12$GQ57oaicXb6i2XQZorstNeZ5rGIcm.R4MFW7h1Vb6nIcEbwOpWepG', 'user', 'meio_escudo_maior', 1, NULL, 'Dragstar 650', 17.50, '', 16.00, 6.500, '2026-03-30 08:58:47', '2026-04-14 23:31:16'),
(12, 'Paulo', 'paulo@sistema.com', '554796057048', '$2y$12$FPTpNLsAzHpeHzytNDcPGugCPYAV7QsJ4WeRAsxuEEgMsfTwYvilC', 'user', 'escudo_fechado', 1, NULL, NULL, 0.00, '', 0.00, 0.000, '2026-03-30 08:59:13', '2026-04-13 03:21:57'),
(13, 'Peter Pan', 'peterpan@sistema.com', '554796143678', '$2y$12$ThTo2BFbUQA75rHKijU9EuyfYCIjoUFxrJxw/BTD/KM3V88Nt.pty', 'user', 'escudo_fechado', 1, NULL, NULL, 0.00, '', 0.00, 0.000, '2026-03-30 08:59:45', '2026-04-13 03:22:20'),
(14, 'Quexo', 'quexo@sistema.com', '554796029562', '$2y$12$SLSwpJAJ3qbpcplWV2Q51OUnecD6YSJcIGHWkANLOTlPRnJAmjtaK', 'user', 'meio_escudo_maior', 1, NULL, NULL, 0.00, '', 0.00, 0.000, '2026-03-30 09:00:07', '2026-04-13 03:22:28'),
(15, 'Renato', 'renato@sistema.com', '554796510192', '$2y$12$DX3cJaP4Z/unu9LNlp6Rm.Gwb7nyuhFgpcGsVHQI/DftOvhfaCLWa', 'user', 'escudo_fechado', 1, NULL, NULL, 0.00, '', 0.00, 0.000, '2026-03-30 09:00:32', '2026-04-13 03:22:57'),
(16, 'Latino', 'latino@sistema.com', '554791282012', '$2y$12$IvDwsPhDbPlzPl8EQNYtseGQpfuCV6ZRRJbfC3.NIRns2DN2xFexe', 'user', 'escudo_fechado', 1, NULL, NULL, 0.00, '', 0.00, 0.000, '2026-03-30 09:00:56', '2026-04-13 03:20:54'),
(17, 'Samir', 'samir@sistema.com', '554796401060', '$2y$12$9EKH0IUbpIeyoqeW.9AJo.pGe8ANZ1bKGv3vKgC2Se4PeobZ3QaP6', 'admin', 'escudo_fechado', 1, NULL, NULL, 0.00, '', 0.00, 0.000, '2026-03-30 09:01:20', '2026-04-13 03:23:23'),
(18, 'Singular', 'singular@sistema.com', '554799315674', '$2y$12$KV.3vE0RLyS5YO2GMl/6A.o/Mj9LBCiR7wnkzCXDZO2ZfSLAOu1fW', 'user', 'pp', 1, NULL, NULL, 0.00, '', 0.00, 0.000, '2026-03-30 09:01:43', '2026-04-13 03:23:49'),
(19, 'Skywalker', 'skywalker@sistema.com', '554797789204', '$2y$12$xdwExh6699K1DQ9hyT6oEepcjpIJmi68Nyboa72k9q7OadDQ8LE3q', 'user', 'meio_escudo_maior', 1, NULL, NULL, 0.00, '', 0.00, 0.000, '2026-03-30 09:02:06', '2026-04-13 03:24:17'),
(20, 'Resta 1', 'resta1@sistema.com', '554784681768', '$2y$12$iet/xuPG.x0wQQ7/1UlULO4zXCGdtJu2q3.WHCh2qxS/9yX6WDeKe', 'user', 'meio_escudo_maior', 1, NULL, NULL, 0.00, '', 0.00, 0.000, '2026-03-30 09:03:07', '2026-04-13 03:25:11'),
(21, 'Buto', 'buto@sistema.com', '554796018551', '$2y$12$OZBYL3ShjP/th.sM45r6h.8aJySEkMGYhYGdTmbstr9g67wG0EF82', 'admin', 'subdiretor', 1, 'assets/avatars/avatar_21_1776191099.jpg', 'Harley 883', 16.00, 'Harley 883', 12.50, 6.800, '2026-03-30 09:05:39', '2026-04-14 20:24:59'),
(22, 'Patrick', 'patrick@sistema.com', '554792108684', '$2y$10$V4oK8yES2CiD22.irN7mX.vjqr0drtLs2LziIkBEhVZ1LjZCBoiWu', 'user', 'veterano', 1, NULL, NULL, 0.00, '', 0.00, 0.000, '2026-04-13 03:12:11', '2026-04-13 03:21:31');

-- --------------------------------------------------------

--
-- Estrutura para tabela `whatsapp_grupos`
--

CREATE TABLE `whatsapp_grupos` (
  `id` int(10) UNSIGNED NOT NULL,
  `nome` varchar(100) NOT NULL COMMENT 'Nome do grupo',
  `group_id` varchar(100) NOT NULL COMMENT 'ID do grupo no WhatsApp',
  `descricao` varchar(255) DEFAULT NULL,
  `graduacoes` longtext DEFAULT NULL COMMENT 'Array de graduações que recebem mensagens neste grupo. NULL = todos' CHECK (json_valid(`graduacoes`)),
  `ativo` tinyint(1) DEFAULT 1,
  `created_at` timestamp NULL DEFAULT current_timestamp()
) ENGINE=InnoDB DEFAULT CHARSET=utf8mb4 COLLATE=utf8mb4_unicode_ci;

--
-- Despejando dados para a tabela `whatsapp_grupos`
--

INSERT INTO `whatsapp_grupos` (`id`, `nome`, `group_id`, `descricao`, `graduacoes`, `ativo`, `created_at`) VALUES
(1, 'Escudos Itajaí', '554788093840-1429934076@g.us', 'Somente escudos, diretor, subdiretor e veterano', '[\"diretor\",\"subdiretor\",\"escudo_fechado\",\"veterano\"]', 1, '2026-04-13 01:13:48'),
(2, 'Limpeza Sede', '120363324594197390@g.us', 'Somente PP, Meio Escudo Maior e Meio Escudo Menor', '[\"subdiretor\",\"meio_escudo_maior\",\"meio_escudo_menor\",\"pp\"]', 1, '2026-04-13 01:13:48'),
(3, 'Mutantes Itajaí', '554788023414-1413138130@g.us', 'Todos os integrantes', '[\"diretor\",\"subdiretor\",\"escudo_fechado\",\"meio_escudo_maior\",\"meio_escudo_menor\",\"pp\",\"veterano\"]', 1, '2026-04-13 01:13:48'),
(4, 'Bar Mutante', '554797681420-1487883694@g.us', 'Todos os integrantes', '[\"diretor\",\"subdiretor\",\"escudo_fechado\",\"meio_escudo_maior\",\"meio_escudo_menor\",\"pp\"]', 1, '2026-04-13 01:13:48');

--
-- Índices para tabelas despejadas
--

--
-- Índices de tabela `attendances`
--
ALTER TABLE `attendances`
  ADD PRIMARY KEY (`id`),
  ADD UNIQUE KEY `uq_user_event` (`user_id`,`event_id`),
  ADD KEY `event_id` (`event_id`),
  ADD KEY `idx_status` (`status`),
  ADD KEY `fk_attendances_confirmed_by` (`confirmed_by`);

--
-- Índices de tabela `churrasco_grupos`
--
ALTER TABLE `churrasco_grupos`
  ADD PRIMARY KEY (`id`);

--
-- Índices de tabela `churrasco_grupo_membros`
--
ALTER TABLE `churrasco_grupo_membros`
  ADD PRIMARY KEY (`id`),
  ADD UNIQUE KEY `uk_grupo_user` (`grupo_id`,`user_id`),
  ADD KEY `fk_cgm_grupo` (`grupo_id`),
  ADD KEY `fk_cgm_user` (`user_id`);

--
-- Índices de tabela `enquetes`
--
ALTER TABLE `enquetes`
  ADD PRIMARY KEY (`id`),
  ADD KEY `fk_enq_event` (`event_id`),
  ADD KEY `fk_enq_notif` (`notificacao_id`),
  ADD KEY `fk_enq_criado` (`criado_por`);

--
-- Índices de tabela `enquetes_respostas`
--
ALTER TABLE `enquetes_respostas`
  ADD PRIMARY KEY (`id`),
  ADD UNIQUE KEY `unique_resposta` (`enquete_id`,`user_id`),
  ADD KEY `fk_resp_enquete` (`enquete_id`),
  ADD KEY `fk_resp_user` (`user_id`);

--
-- Índices de tabela `escalas_tipos`
--
ALTER TABLE `escalas_tipos`
  ADD PRIMARY KEY (`id`),
  ADD KEY `fk_escala_grupo` (`grupo_whatsapp_id`);

--
-- Índices de tabela `escala_bar`
--
ALTER TABLE `escala_bar`
  ADD PRIMARY KEY (`id`),
  ADD UNIQUE KEY `uk_semana` (`semana_inicio`),
  ADD KEY `fk_eb_user1` (`user1_id`),
  ADD KEY `fk_eb_user2` (`user2_id`),
  ADD KEY `fk_eb_criado` (`criado_por`);

--
-- Índices de tabela `escala_churrasco`
--
ALTER TABLE `escala_churrasco`
  ADD PRIMARY KEY (`id`),
  ADD UNIQUE KEY `uk_semana` (`semana_inicio`),
  ADD KEY `fk_ec_grupo` (`grupo_id`);

--
-- Índices de tabela `events`
--
ALTER TABLE `events`
  ADD PRIMARY KEY (`id`),
  ADD KEY `created_by` (`created_by`);

--
-- Índices de tabela `event_files`
--
ALTER TABLE `event_files`
  ADD PRIMARY KEY (`id`),
  ADD KEY `idx_event` (`event_id`),
  ADD KEY `idx_user` (`user_id`);

--
-- Índices de tabela `event_photos`
--
ALTER TABLE `event_photos`
  ADD PRIMARY KEY (`id`),
  ADD KEY `idx_event` (`event_id`),
  ADD KEY `idx_user` (`user_id`);

--
-- Índices de tabela `evolution_config`
--
ALTER TABLE `evolution_config`
  ADD PRIMARY KEY (`id`);

--
-- Índices de tabela `metas_anuais`
--
ALTER TABLE `metas_anuais`
  ADD PRIMARY KEY (`id`),
  ADD UNIQUE KEY `uk_ano` (`ano`);

--
-- Índices de tabela `metas_historico`
--
ALTER TABLE `metas_historico`
  ADD PRIMARY KEY (`id`);

--
-- Índices de tabela `metas_mensais`
--
ALTER TABLE `metas_mensais`
  ADD PRIMARY KEY (`id`),
  ADD UNIQUE KEY `uk_ano_mes` (`ano`,`mes`);

--
-- Índices de tabela `motos`
--
ALTER TABLE `motos`
  ADD PRIMARY KEY (`id`),
  ADD KEY `idx_user` (`user_id`);

--
-- Índices de tabela `notificacoes`
--
ALTER TABLE `notificacoes`
  ADD PRIMARY KEY (`id`),
  ADD KEY `fk_notif_user` (`user_id`),
  ADD KEY `fk_notif_event` (`event_id`),
  ADD KEY `fk_notif_criado` (`criado_por`),
  ADD KEY `fk_notif_grupo` (`grupo_id`);

--
-- Índices de tabela `notificacoes_log`
--
ALTER TABLE `notificacoes_log`
  ADD PRIMARY KEY (`id`),
  ADD KEY `fk_log_notif` (`notificacao_id`),
  ADD KEY `fk_log_user` (`user_id`);

--
-- Índices de tabela `sextas_confirmacoes`
--
ALTER TABLE `sextas_confirmacoes`
  ADD PRIMARY KEY (`id`),
  ADD UNIQUE KEY `unique_confirmacao` (`data_sexta`,`user_id`),
  ADD KEY `idx_data` (`data_sexta`),
  ADD KEY `idx_user` (`user_id`);

--
-- Índices de tabela `sexta_photos`
--
ALTER TABLE `sexta_photos`
  ADD PRIMARY KEY (`id`),
  ADD KEY `idx_data_sexta` (`data_sexta`),
  ADD KEY `idx_user` (`user_id`);

--
-- Índices de tabela `system_settings`
--
ALTER TABLE `system_settings`
  ADD PRIMARY KEY (`id`),
  ADD UNIQUE KEY `chave` (`chave`);

--
-- Índices de tabela `users`
--
ALTER TABLE `users`
  ADD PRIMARY KEY (`id`),
  ADD UNIQUE KEY `email` (`email`);

--
-- Índices de tabela `whatsapp_grupos`
--
ALTER TABLE `whatsapp_grupos`
  ADD PRIMARY KEY (`id`),
  ADD UNIQUE KEY `uk_group_id` (`group_id`);

--
-- AUTO_INCREMENT para tabelas despejadas
--

--
-- AUTO_INCREMENT de tabela `attendances`
--
ALTER TABLE `attendances`
  MODIFY `id` int(10) UNSIGNED NOT NULL AUTO_INCREMENT, AUTO_INCREMENT=3;

--
-- AUTO_INCREMENT de tabela `churrasco_grupos`
--
ALTER TABLE `churrasco_grupos`
  MODIFY `id` int(10) UNSIGNED NOT NULL AUTO_INCREMENT, AUTO_INCREMENT=13;

--
-- AUTO_INCREMENT de tabela `churrasco_grupo_membros`
--
ALTER TABLE `churrasco_grupo_membros`
  MODIFY `id` int(10) UNSIGNED NOT NULL AUTO_INCREMENT, AUTO_INCREMENT=69;

--
-- AUTO_INCREMENT de tabela `enquetes`
--
ALTER TABLE `enquetes`
  MODIFY `id` int(10) UNSIGNED NOT NULL AUTO_INCREMENT, AUTO_INCREMENT=24;

--
-- AUTO_INCREMENT de tabela `enquetes_respostas`
--
ALTER TABLE `enquetes_respostas`
  MODIFY `id` int(10) UNSIGNED NOT NULL AUTO_INCREMENT, AUTO_INCREMENT=4;

--
-- AUTO_INCREMENT de tabela `escalas_tipos`
--
ALTER TABLE `escalas_tipos`
  MODIFY `id` int(10) UNSIGNED NOT NULL AUTO_INCREMENT, AUTO_INCREMENT=7;

--
-- AUTO_INCREMENT de tabela `escala_bar`
--
ALTER TABLE `escala_bar`
  MODIFY `id` int(10) UNSIGNED NOT NULL AUTO_INCREMENT, AUTO_INCREMENT=18;

--
-- AUTO_INCREMENT de tabela `escala_churrasco`
--
ALTER TABLE `escala_churrasco`
  MODIFY `id` int(10) UNSIGNED NOT NULL AUTO_INCREMENT, AUTO_INCREMENT=7;

--
-- AUTO_INCREMENT de tabela `events`
--
ALTER TABLE `events`
  MODIFY `id` int(10) UNSIGNED NOT NULL AUTO_INCREMENT, AUTO_INCREMENT=3;

--
-- AUTO_INCREMENT de tabela `event_files`
--
ALTER TABLE `event_files`
  MODIFY `id` int(11) NOT NULL AUTO_INCREMENT;

--
-- AUTO_INCREMENT de tabela `event_photos`
--
ALTER TABLE `event_photos`
  MODIFY `id` int(11) NOT NULL AUTO_INCREMENT, AUTO_INCREMENT=2;

--
-- AUTO_INCREMENT de tabela `evolution_config`
--
ALTER TABLE `evolution_config`
  MODIFY `id` int(10) UNSIGNED NOT NULL AUTO_INCREMENT, AUTO_INCREMENT=2;

--
-- AUTO_INCREMENT de tabela `metas_anuais`
--
ALTER TABLE `metas_anuais`
  MODIFY `id` int(10) UNSIGNED NOT NULL AUTO_INCREMENT;

--
-- AUTO_INCREMENT de tabela `metas_historico`
--
ALTER TABLE `metas_historico`
  MODIFY `id` int(10) UNSIGNED NOT NULL AUTO_INCREMENT;

--
-- AUTO_INCREMENT de tabela `metas_mensais`
--
ALTER TABLE `metas_mensais`
  MODIFY `id` int(10) UNSIGNED NOT NULL AUTO_INCREMENT;

--
-- AUTO_INCREMENT de tabela `motos`
--
ALTER TABLE `motos`
  MODIFY `id` int(11) NOT NULL AUTO_INCREMENT, AUTO_INCREMENT=4;

--
-- AUTO_INCREMENT de tabela `notificacoes`
--
ALTER TABLE `notificacoes`
  MODIFY `id` int(10) UNSIGNED NOT NULL AUTO_INCREMENT, AUTO_INCREMENT=34;

--
-- AUTO_INCREMENT de tabela `notificacoes_log`
--
ALTER TABLE `notificacoes_log`
  MODIFY `id` int(10) UNSIGNED NOT NULL AUTO_INCREMENT, AUTO_INCREMENT=236;

--
-- AUTO_INCREMENT de tabela `sextas_confirmacoes`
--
ALTER TABLE `sextas_confirmacoes`
  MODIFY `id` int(11) NOT NULL AUTO_INCREMENT, AUTO_INCREMENT=4;

--
-- AUTO_INCREMENT de tabela `sexta_photos`
--
ALTER TABLE `sexta_photos`
  MODIFY `id` int(11) NOT NULL AUTO_INCREMENT, AUTO_INCREMENT=2;

--
-- AUTO_INCREMENT de tabela `system_settings`
--
ALTER TABLE `system_settings`
  MODIFY `id` int(11) NOT NULL AUTO_INCREMENT, AUTO_INCREMENT=226;

--
-- AUTO_INCREMENT de tabela `users`
--
ALTER TABLE `users`
  MODIFY `id` int(10) UNSIGNED NOT NULL AUTO_INCREMENT, AUTO_INCREMENT=23;

--
-- AUTO_INCREMENT de tabela `whatsapp_grupos`
--
ALTER TABLE `whatsapp_grupos`
  MODIFY `id` int(10) UNSIGNED NOT NULL AUTO_INCREMENT, AUTO_INCREMENT=14;

--
-- Restrições para tabelas despejadas
--

--
-- Restrições para tabelas `attendances`
--
ALTER TABLE `attendances`
  ADD CONSTRAINT `attendances_ibfk_1` FOREIGN KEY (`user_id`) REFERENCES `users` (`id`) ON DELETE CASCADE,
  ADD CONSTRAINT `attendances_ibfk_2` FOREIGN KEY (`event_id`) REFERENCES `events` (`id`) ON DELETE CASCADE,
  ADD CONSTRAINT `fk_attendances_confirmed_by` FOREIGN KEY (`confirmed_by`) REFERENCES `users` (`id`) ON DELETE SET NULL;

--
-- Restrições para tabelas `churrasco_grupo_membros`
--
ALTER TABLE `churrasco_grupo_membros`
  ADD CONSTRAINT `fk_cgm_grupo` FOREIGN KEY (`grupo_id`) REFERENCES `churrasco_grupos` (`id`) ON DELETE CASCADE,
  ADD CONSTRAINT `fk_cgm_user` FOREIGN KEY (`user_id`) REFERENCES `users` (`id`) ON DELETE CASCADE;

--
-- Restrições para tabelas `enquetes`
--
ALTER TABLE `enquetes`
  ADD CONSTRAINT `fk_enq_criado` FOREIGN KEY (`criado_por`) REFERENCES `users` (`id`),
  ADD CONSTRAINT `fk_enq_event` FOREIGN KEY (`event_id`) REFERENCES `events` (`id`) ON DELETE SET NULL,
  ADD CONSTRAINT `fk_enq_notif` FOREIGN KEY (`notificacao_id`) REFERENCES `notificacoes` (`id`) ON DELETE SET NULL;

--
-- Restrições para tabelas `enquetes_respostas`
--
ALTER TABLE `enquetes_respostas`
  ADD CONSTRAINT `fk_resp_enquete` FOREIGN KEY (`enquete_id`) REFERENCES `enquetes` (`id`) ON DELETE CASCADE,
  ADD CONSTRAINT `fk_resp_user` FOREIGN KEY (`user_id`) REFERENCES `users` (`id`) ON DELETE CASCADE;

--
-- Restrições para tabelas `escalas_tipos`
--
ALTER TABLE `escalas_tipos`
  ADD CONSTRAINT `fk_escala_grupo` FOREIGN KEY (`grupo_whatsapp_id`) REFERENCES `whatsapp_grupos` (`id`) ON DELETE SET NULL;

--
-- Restrições para tabelas `escala_bar`
--
ALTER TABLE `escala_bar`
  ADD CONSTRAINT `fk_eb_criado` FOREIGN KEY (`criado_por`) REFERENCES `users` (`id`),
  ADD CONSTRAINT `fk_eb_user1` FOREIGN KEY (`user1_id`) REFERENCES `users` (`id`),
  ADD CONSTRAINT `fk_eb_user2` FOREIGN KEY (`user2_id`) REFERENCES `users` (`id`);

--
-- Restrições para tabelas `escala_churrasco`
--
ALTER TABLE `escala_churrasco`
  ADD CONSTRAINT `fk_ec_grupo` FOREIGN KEY (`grupo_id`) REFERENCES `churrasco_grupos` (`id`);

--
-- Restrições para tabelas `events`
--
ALTER TABLE `events`
  ADD CONSTRAINT `events_ibfk_1` FOREIGN KEY (`created_by`) REFERENCES `users` (`id`);

--
-- Restrições para tabelas `notificacoes`
--
ALTER TABLE `notificacoes`
  ADD CONSTRAINT `fk_notif_criado` FOREIGN KEY (`criado_por`) REFERENCES `users` (`id`),
  ADD CONSTRAINT `fk_notif_event` FOREIGN KEY (`event_id`) REFERENCES `events` (`id`) ON DELETE SET NULL,
  ADD CONSTRAINT `fk_notif_grupo` FOREIGN KEY (`grupo_id`) REFERENCES `whatsapp_grupos` (`id`) ON DELETE SET NULL,
  ADD CONSTRAINT `fk_notif_user` FOREIGN KEY (`user_id`) REFERENCES `users` (`id`) ON DELETE SET NULL;

--
-- Restrições para tabelas `notificacoes_log`
--
ALTER TABLE `notificacoes_log`
  ADD CONSTRAINT `fk_log_notif` FOREIGN KEY (`notificacao_id`) REFERENCES `notificacoes` (`id`) ON DELETE CASCADE,
  ADD CONSTRAINT `fk_log_user` FOREIGN KEY (`user_id`) REFERENCES `users` (`id`) ON DELETE SET NULL;
COMMIT;

/*!40101 SET CHARACTER_SET_CLIENT=@OLD_CHARACTER_SET_CLIENT */;
/*!40101 SET CHARACTER_SET_RESULTS=@OLD_CHARACTER_SET_RESULTS */;
/*!40101 SET COLLATION_CONNECTION=@OLD_COLLATION_CONNECTION */;
